Estado,Municipio,Parroquia,Hugo Chavez,Henrique Capriles Radonski,Reina Sequera,Maria Bolivar,Luis Reyes,Orlando Chirino,Valid votes,Null votes
Dtto. Capital,Blvno Libertador,El Valle,55677,34497,361,81,62,22,90700,2274
Anzoategui,Bolivar,El Carmen,48068,47319,582,40,48,39,96096,1987
Anzoategui,Cajigal,San Pablo,1188,506,2,1,2,0,1699,28
Anzoategui,Miranda,Boca Del Pao,889,582,1,0,2,0,1474,26
Aragua,Girardot,Joaquin Crespo,16151,19854,166,28,15,10,36224,559
Aragua,Girardot,Jose Casanova Godoy,19797,20199,169,18,24,3,40210,751
Aragua,Jose Felix Rivas,Juan Vicente Bolivar,19955,14797,178,23,27,13,34993,743
Barinas,Barinas,Barinas,3825,5689,50,3,5,2,9574,195
Barinas,Barinas,Corazon De Jesus,17541,12240,171,16,15,17,30000,635
Carabobo,Naguanagua,Naguanagua,32247,48102,301,42,40,29,80761,1179
Cojedes,Pao S J Bautista,El Pao,7802,2008,60,3,6,8,9887,272
Cojedes,Ezequiel Zamora,San Carlos De Austria,31269,21785,379,24,21,28,53506,1296
Cojedes,Tinaco,Grl/Jefe Jose L Silva,12204,6188,104,6,13,2,18517,471
Falcon,Buchivacoa,Guajiro,714,527,7,3,1,0,1252,22
Falcon,Carirubana,Punta Cardon,21325,15916,192,27,27,2,37489,769
Falcon,Falcon,Pueblo Nuevo,5931,3557,61,1,4,2,9556,174
Falcon,Mauroa,Mene De Mauroa,5079,3663,52,1,9,4,8808,247
Falcon,Miranda,Guzman Guillermo,2633,935,28,2,3,3,3604,77
Falcon,Silva,Tucacas,5589,5428,71,3,10,2,11103,323
Lara,Crespo,Jose Maria Blanco,5290,3768,61,4,18,1,9142,272
Lara,Moran,Guarico,6034,2258,71,3,17,11,8394,168
Merida,Alberto Adriani,Pulido Mendez,7133,5149,46,1,0,4,12333,289
Merida,Alberto Adriani,Presidente Betancourt,6237,6384,55,5,8,4,12693,294
Merida,Ob. Ramos De Lora,Sta Elena De Arenales,4453,3134,31,3,3,0,7624,117
Merida,Caracciolo Parra,Tucani,5122,3942,33,1,7,3,9108,272
Miranda,Sucre,Caucaguita,16049,9333,109,20,12,8,25531,654
Miranda,Simon Bolivar,S Antonio De Yare,4326,878,25,7,4,0,5240,124
Nva.Esparta,Villalba(I.Coche),Vicente Fuentes,1476,1173,7,0,4,0,2660,40
Portuguesa,Araure,Araure,45209,20699,330,37,40,28,66343,1335
Portuguesa,Sucre,Biscucuy,6982,4649,67,3,8,4,11713,364
Sucre,Arismendi,San Juan Galdonas,1596,638,12,0,1,1,2248,40
Sucre,Arismendi,Puerto Santo,1898,1151,9,0,0,1,3059,53
Sucre,Benitez,Guaraunos,421,348,3,0,0,0,772,12
Sucre,Ribero,Rendon,1675,806,14,0,2,0,2497,34
Sucre,Sucre,Altagracia,38933,30347,376,28,44,21,69749,1094
Sucre,Sucre,Santa Ines,20371,18060,218,13,14,9,38685,723
Tachira,Ayacucho,Rivas Berti,1483,1036,14,0,1,0,2534,57
Tachira,Junin,Rubio,12434,17346,131,20,8,7,29946,578
Tachira,Junin,Bramon,7444,6442,65,8,9,2,13970,359
Tachira,Lobatera,Lobatera,2617,1904,17,3,1,0,4542,87
Tachira,San Cristobal,Pedro Maria Morantes,9666,32206,104,21,7,4,42008,469
Tachira,San Cristobal,Sn Juan Bautista,16324,39489,168,26,13,5,56025,868
Tachira,Jose Maria Varga,El Cobre,3311,2850,24,0,2,0,6187,135
Trujillo,Valera,Juan Ignacio Montilla,8975,12406,67,7,9,2,21466,298
Zulia,Santa Rita,Santa Rita,9913,6922,60,5,5,4,16909,268
Zulia,Blvno Guajira,Guajira,14564,5436,90,3,18,9,20120,366
Zulia,Sucre,El Batey,2470,1011,11,1,1,3,3497,62
Zulia,San Francisco,Domitila Flores,41560,25287,263,15,34,6,67165,1129
Vargas,Vargas,Carlos Soublette,16759,9188,145,25,13,5,26135,560
Dtto. Capital,Blvno Libertador,Candelaria,12527,25314,120,48,23,12,38044,731
Dtto. Capital,Blvno Libertador,Catedral,8403,3802,55,6,7,6,12279,323
Dtto. Capital,Blvno Libertador,Altagracia,12975,14754,133,22,11,5,27900,440
Dtto. Capital,Blvno Libertador,La Pastora,29109,26166,254,67,39,15,55650,975
Dtto. Capital,Blvno Libertador,San Agustin,16028,9478,88,17,13,10,25634,499
Dtto. Capital,Blvno Libertador,San Juan,32389,28535,278,66,47,21,61336,1211
Dtto. Capital,Blvno Libertador,San Jose,11442,14259,114,31,16,1,25863,532
Dtto. Capital,Blvno Libertador,Santa Teresa,6498,9262,71,17,8,7,15863,276
Dtto. Capital,Blvno Libertador,Antimano,56372,18241,320,57,51,28,75069,1618
Dtto. Capital,Blvno Libertador,Sucre,147635,80193,1162,251,157,92,229490,5346
Dtto. Capital,Blvno Libertador,23 De Enero,38663,19220,241,70,51,23,58268,1271
Dtto. Capital,Blvno Libertador,El Recreo,24965,44791,224,70,24,22,70096,1005
Dtto. Capital,Blvno Libertador,Santa Rosalia,36481,29515,260,52,44,18,66370,1420
Dtto. Capital,Blvno Libertador,La Vega,44943,32020,342,70,44,25,77444,1461
Dtto. Capital,Blvno Libertador,Macarao,26970,10221,155,37,33,21,37437,905
Dtto. Capital,Blvno Libertador,Coche,25357,16574,162,39,25,16,42173,764
Dtto. Capital,Blvno Libertador,El Paraiso,26591,44786,269,60,28,22,71756,1074
Dtto. Capital,Blvno Libertador,El Junquito,18317,15069,167,32,21,19,33625,685
Dtto. Capital,Blvno Libertador,San Bernardino,6273,13012,66,16,5,5,19377,255
Dtto. Capital,Blvno Libertador,San Pedro,11964,33335,103,46,23,23,45494,519
Dtto. Capital,Blvno Libertador,Caricuao,45583,41268,379,98,64,27,87419,1653
Anzoategui,Anaco,San Joaquin,3117,2002,42,0,4,1,5166,128
Anzoategui,Anaco,Anaco,31500,32207,525,32,41,15,64320,1526
Anzoategui,Aragua,Aragua De Barcelona,9537,6670,109,4,14,10,16344,305
Anzoategui,Aragua,Cachipo,541,181,4,1,0,1,728,21
Anzoategui,Bolivar,El Pilar,999,637,13,1,2,1,1653,20
Anzoategui,Bolivar,Bergantin,1643,875,17,0,4,0,2539,51
Anzoategui,Bolivar,San Cristobal,49917,45716,705,38,57,25,96458,1998
Anzoategui,Bolivar,Naricual,4788,3202,73,2,4,2,8071,245
Anzoategui,Bolivar,Caigua,2010,1095,16,2,2,1,3126,90
Anzoategui,Bruzual,Clarines,4772,4991,36,2,3,4,9808,243
Anzoategui,Bruzual,Sabana De Uchire,1627,1595,24,1,4,0,3251,68
Anzoategui,Bruzual,Guanape,2250,1929,25,0,5,1,4210,87
Anzoategui,Cajigal,Onoto,3630,2167,51,1,3,3,5855,128
Anzoategui,Freites,Cantaura,18659,14896,213,6,20,9,33803,641
Anzoategui,Freites,Libertador,962,322,1,0,0,0,1285,5
Anzoategui,Freites,Urica,2379,1497,14,1,3,3,3897,57
Anzoategui,Freites,Santa Rosa,2258,1322,15,0,2,0,3597,53
Anzoategui,Independencia,Mamo,3451,655,19,2,6,1,4134,123
Anzoategui,Libertad,San Mateo,3625,2568,43,0,3,0,6239,121
Anzoategui,Miranda,Pariaguan,10458,7556,142,7,14,3,18180,467
Anzoategui,Miranda,Atapirire,1340,1179,17,0,1,1,2538,85
Anzoategui,Miranda,El Pao,1248,923,12,0,3,0,2186,54
Anzoategui,Monagas,Mapire,1297,871,17,1,3,1,2190,70
Anzoategui,Monagas,Sn Diego De Cabrutica,2284,757,17,0,1,2,3061,75
Anzoategui,Monagas,Zuata,1197,537,8,0,1,0,1743,58
Anzoategui,Pe#Alver,Puerto Piritu,6775,6748,112,5,10,6,13656,308
Anzoategui,Pe#Alver,Sucre,955,660,8,0,0,0,1623,33
Anzoategui,Simon Rodriguez,El Tigre,42832,47603,622,30,35,25,91147,1979
Anzoategui,Sotillo,Pozuelos,47666,39965,545,51,52,37,88316,1814
Anzoategui,Sotillo,Puerto La Cruz,19287,24950,230,22,25,19,44533,768
Anzoategui,Guanta,Chorreron,4356,2612,50,4,2,1,7025,201
Anzoategui,Guanta,Guanta,6373,6417,55,1,2,2,12850,297
Anzoategui,Piritu,Piritu,7885,6172,75,6,9,1,14148,345
Anzoategui,Piritu,San Francisco,346,218,2,0,0,0,566,6
Anzoategui,L/Diego Bautista,El Morro,771,3452,13,1,1,0,4238,30
Anzoategui,Carvajal,Valle Guanape,3806,3284,32,2,4,1,7129,130
Anzoategui,Carvajal,Santa Barbara,478,337,0,0,0,0,815,15
Anzoategui,Santa Ana,Santa Ana,2777,2733,41,0,4,2,5557,95
Anzoategui,Santa Ana,Pueblo Nuevo,444,238,4,1,1,1,689,27
Anzoategui,Mc Gregor,El Chaparro,3086,1337,18,0,4,1,4446,88
Anzoategui,Mc Gregor,Tomas Alfaro Calatrava,1034,181,9,0,3,1,1228,15
Anzoategui,S Juan Capistrano,Boca De Chavez,346,296,4,0,0,0,646,22
Apure,Achaguas,Achaguas,12268,4592,134,2,16,5,17017,342
Apure,Achaguas,Apurito,1802,635,19,2,3,1,2462,52
Apure,Achaguas,Mucuritas,2074,785,13,1,1,0,2874,58
Apure,Achaguas,El Yagual,1871,671,7,0,2,0,2551,44
Apure,Achaguas,Guachara,1882,620,6,0,0,0,2508,18
Apure,Achaguas,Queseras Del Medio,2127,594,9,0,2,1,2733,35
Apure,Mu#Oz,Bruzual,2645,779,20,0,3,1,3448,54
Apure,Mu#Oz,Mantecal,5385,1683,44,0,3,1,7116,126
Apure,Mu#Oz,San Vicente,1054,348,7,0,0,0,1409,11
Apure,Mu#Oz,Rincon Hondo,2119,661,13,1,0,1,2795,57
Apure,Paez,Guasdualito,14230,11110,198,11,16,10,25575,658
Apure,Paez,Aramendi,1184,613,9,0,0,1,1807,23
Apure,Paez,El Amparo,3574,2079,64,3,2,3,5725,205
Apure,Paez,San Camilo,5064,2972,52,0,8,3,8099,168
Apure,Pedro Camejo,San Juan De Payara,3724,1948,16,1,1,2,5692,88
Apure,Pedro Camejo,Cunaviche,4964,2637,26,1,4,0,7632,85
Apure,Pedro Camejo,Codazzi,1480,410,5,0,1,0,1896,111
Apure,Paez,Urdaneta,4624,1235,56,2,7,4,5928,107
Apure,Romulo Gallegos,La Trinidad,1792,717,8,1,2,1,2521,64
Apure,Romulo Gallegos,Elorza,7310,3026,59,0,9,2,10406,211
Apure,San Fernando,Penalver,3307,1029,5,2,1,0,4344,41
Apure,San Fernando,San Fernando,38810,24638,365,21,45,11,63890,1395
Apure,San Fernando,Sn Rafael De Atamaica,2638,1194,20,0,2,2,3856,34
Apure,Biruaca,Biruaca,19146,9408,147,7,10,4,28722,630
Aragua,Girardot,Choroni,1980,861,16,0,1,1,2859,51
Aragua,Girardot,Las Delicias,15050,19046,146,26,25,8,34301,564
Aragua,Girardot,Madre Ma De San Jose,14489,29934,134,25,18,9,44609,525
Aragua,Girardot,Pedro Jose Ovalles,22308,13264,175,25,31,9,35812,635
Aragua,Girardot,Andres Eloy Blanco,17155,19357,153,22,20,11,36718,492
Aragua,Girardot,Los Tacariguas,29475,15776,219,27,20,21,45538,827
Aragua,Santiago Mari#O,Turmero,14192,19011,126,26,22,10,33387,419
Aragua,Santiago Mari#O,Saman De Guere,25117,14949,203,16,25,8,40318,930
Aragua,Santiago Mari#O,Arevalo Aponte,14246,4487,91,10,11,5,18850,424
Aragua,Santiago Mari#O,Chuao,769,117,3,0,1,0,890,10
Aragua,Santiago Mari#O,Alfredo Pacheco M,7899,3750,69,11,5,3,11737,230
Aragua,Jose Felix Rivas,Zuata,11870,2921,72,6,8,3,14880,334
Aragua,Jose Felix Rivas,Castor Nieves Rios,14069,14334,118,23,12,2,28558,542
Aragua,Jose Felix Rivas,Pao De Zarate,1466,329,6,2,3,1,1807,33
Aragua,San Casimiro,San Casimiro,7960,3793,42,4,8,4,11811,324
Aragua,San Casimiro,Valle Morin,670,268,10,2,0,1,951,21
Aragua,San Casimiro,Ollas De Caramacate,551,137,6,0,1,0,695,14
Aragua,San Casimiro,Guiripa,869,330,2,0,2,0,1203,32
Aragua,San Sebastian,San Sebastian,8062,4849,39,5,11,3,12969,244
Aragua,Sucre,Bella Vista,3755,1283,17,3,6,2,5066,145
Aragua,Sucre,Cagua,33000,29883,311,46,23,17,63280,1253
Aragua,Urdaneta,San Francisco De Cara,1099,466,4,0,0,0,1569,41
Aragua,Urdaneta,Taguay,1988,678,19,2,1,1,2689,67
Aragua,Urdaneta,Las Penitas,937,379,5,1,1,1,1324,47
Aragua,Zamora,Magdaleno,7280,2657,59,3,10,3,10012,294
Aragua,Zamora,San Francisco De Asis,7388,3675,60,6,5,3,11137,280
Aragua,Zamora,Villa De Cura,30692,14661,250,25,47,17,45692,921
Aragua,Zamora,Valles De Tucutunemo,3955,727,32,3,6,5,4728,156
Aragua,Zamora,Pq Augusto Mijares,2797,784,22,1,1,0,3605,113
Aragua,Libertador,Palo Negro,12429,6991,96,18,7,3,19544,373
Aragua,Libertador,San Martin De Porres,19970,9666,145,21,24,7,29833,624
Aragua,Jose Angel Lamas,Santa Cruz,11485,7445,94,9,15,4,19052,302
Aragua,Bolivar,San Mateo,16390,6404,103,6,13,4,22920,746
Aragua,Santos Michelena,Las Tejerias,13141,3721,51,4,9,8,16934,434
Aragua,Tovar,Colonia Tovar,5058,4401,40,4,9,7,9519,238
Aragua,Camatagua,Carmen De Cura,1456,906,14,0,1,0,2377,77
Aragua,Jose R Revenga,El Consejo,19022,6369,104,12,22,12,25541,528
Aragua,Francisco Linares,Santa Rita,31170,13021,231,31,39,6,44498,1018
Aragua,Francisco Linares,Mons Feliciano G,6875,1967,47,5,3,0,8897,142
Barinas,Arismendi,Arismendi,3528,1383,35,0,7,2,4955,119
Barinas,Arismendi,La Union,2359,979,9,0,2,2,3351,53
Barinas,Arismendi,Guadarrama,962,244,7,0,1,0,1214,27
Barinas,Barinas,Alfredo A Larriva,2537,1627,17,1,3,0,4185,82
Barinas,Barinas,San Silvestre,3030,1291,29,1,1,1,4353,95
Barinas,Barinas,Santa Ines,1262,581,7,0,0,0,1850,32
Barinas,Barinas,Santa Lucia,1674,1067,19,0,2,0,2762,96
Barinas,Barinas,Torunos,1490,864,4,0,0,0,2358,65
Barinas,Barinas,Romulo Betancourt,13258,10261,144,13,11,2,23689,454
Barinas,Barinas,El Carmen,13955,15970,144,10,9,8,30096,635
Barinas,Barinas,Alto Barinas,13495,15749,122,14,16,3,29399,520
Barinas,Barinas,Juan A Rodriguez D,1217,764,5,0,2,0,1988,78
Barinas,Barinas,Dominga Ortiz P,2466,1412,14,0,1,0,3893,113
Barinas,Bolivar,Altamira,1422,608,11,1,1,1,2044,34
Barinas,Bolivar,Calderas,2435,1126,16,0,2,1,3580,53
Barinas,Bolivar,Barinitas,13259,9780,114,8,10,5,23176,485
Barinas,Ezequiel Zamora,Jose Ignacio Del Pumar,994,900,5,1,1,0,1901,63
Barinas,Ezequiel Zamora,Ramon Ignacio Mendez,1015,977,4,1,0,1,1998,44
Barinas,Ezequiel Zamora,Pedro Briceno Mendez,1445,1555,12,1,2,0,3015,81
Barinas,Obispos,El Real,1513,367,8,0,1,1,1890,25
Barinas,Obispos,La Luz,2717,939,26,1,4,1,3688,51
Barinas,Obispos,Obispos,5948,2938,69,1,8,0,8964,185
Barinas,Obispos,Los Guasimitos,2979,1658,32,3,2,1,4675,104
Barinas,Pedraza,Ciudad Bolivia,11913,10661,90,1,19,2,22686,500
Barinas,Pedraza,Paez,2100,1292,30,0,6,0,3428,103
Barinas,Pedraza,Ignacio Briceno,917,949,7,0,1,0,1874,33
Barinas,Pedraza,Jose Felix Ribas,2770,1437,14,1,1,2,4225,98
Barinas,Rojas,Libertad,4198,1869,47,1,0,1,6116,143
Barinas,Rojas,Dolores,2583,1308,23,0,4,0,3918,89
Barinas,Rojas,Palacio Fajardo,4266,894,22,0,3,1,5186,72
Barinas,Rojas,Santa Rosa,3867,1327,29,1,4,2,5230,87
Barinas,Sosa,El Regalo,2156,1193,16,0,2,0,3367,51
Barinas,Sosa,Ciudad De Nutrias,4422,2461,34,1,1,0,6919,156
Barinas,Sosa,Santa Catalina,551,277,6,0,0,0,834,14
Barinas,Sosa,Puerto De Nutrias,1026,424,5,1,1,0,1457,30
Barinas,Alberto Arvelo T,Sabaneta,14025,3164,81,6,3,1,17280,399
Barinas,A Jose De Sucre,Ticoporo,15171,13182,145,6,20,7,28531,659
Barinas,A Jose De Sucre,Andres Bello,1839,1432,14,0,2,2,3289,75
Barinas,A Jose De Sucre,Nicolas Pulido,2611,1367,23,0,2,2,4005,82
Barinas,Cruz Paredes,El Socorro,1544,750,17,0,3,0,2314,55
Barinas,Cruz Paredes,Masparrito,228,67,1,0,0,1,297,3
Barinas,Andres E. Blanco,Santa Cruz De Guacas,1446,1042,24,0,1,0,2513,48
Barinas,Andres E. Blanco,El Canton,2659,1656,17,2,1,1,4336,66
Barinas,Andres E. Blanco,Puerto Vivas,1422,705,10,1,0,0,2138,53
Bolivar,Caroni,Once De Abril,29120,12230,340,10,30,12,41742,932
Bolivar,Caroni,Simon Bolivar,25390,22093,345,23,26,18,47895,929
Bolivar,Caroni,Vista Al Sol,24986,8790,265,11,24,12,34088,820
Bolivar,Caroni,Chirica,30920,12922,369,15,24,11,44261,914
Bolivar,Caroni,Universidad,7412,25225,99,12,11,4,32763,329
Bolivar,Caroni,Unare,37100,39198,410,55,44,15,76822,1108
Bolivar,Cede#O,Ascension Farreras,2717,1075,22,1,3,0,3818,85
Bolivar,Cede#O,Caicara Del Orinoco,13747,5912,84,4,22,7,19776,425
Bolivar,Cede#O,Altagracia,757,123,0,0,0,0,880,39
Bolivar,Caroni,Cachamay,9780,22249,116,21,12,5,32183,399
Bolivar,Cede#O,La Urbana,1274,386,2,0,1,1,1664,14
Bolivar,Caroni,Dalla Costa,26882,15676,303,16,30,7,42914,827
Bolivar,Cede#O,Guaniamo,386,86,0,0,0,0,472,3
Bolivar,Heres,Agua Salada,15903,13078,206,24,11,8,29230,676
Bolivar,Heres,Jose Antonio Paez,8462,4350,127,1,14,5,12959,358
Bolivar,Heres,Marhuanta,7637,4489,98,4,5,7,12240,331
Bolivar,Heres,Vista Hermosa,12744,21711,180,27,11,5,34678,579
Bolivar,Heres,La Sabanita,21902,20184,321,15,22,16,42460,921
Bolivar,Heres,Zea,716,398,5,1,0,0,1120,35
Bolivar,Piar,Upata,19918,26202,330,6,31,11,46498,1088
Bolivar,Piar,Pedro Cova,1809,1948,22,1,0,0,3780,107
Bolivar,Piar,Andres Eloy Blanco,2955,1729,38,2,1,2,4727,104
Bolivar,Roscio,Salom,515,534,6,0,1,0,1056,44
Bolivar,Sucre,Maripa,1537,927,26,0,5,0,2495,136
Bolivar,Sucre,Aripao,874,218,5,0,2,0,1099,31
Bolivar,Sucre,Las Majadas,249,201,0,0,0,0,450,18
Bolivar,Sucre,Moitaco,2207,1041,18,0,2,2,3270,80
Bolivar,Sifontes,Tumeremo,5851,6349,113,5,9,6,12333,344
Bolivar,Blvno Angostura,Ciudad Piar,4399,4260,55,4,5,1,8724,147
Bolivar,Blvno Angostura,San Francisco,2438,1166,22,0,5,1,3632,101
Bolivar,Blvno Angostura,Santa Barbara,844,598,11,1,0,1,1455,50
Bolivar,Blvno Angostura,Barceloneta,2956,2040,35,1,10,6,5048,116
Bolivar,Sifontes,San Isidro,2513,964,43,2,3,5,3530,114
Bolivar,Gran Sabana,Santa Elena De Uairen,7234,4541,105,12,23,19,11934,315
Bolivar,Gran Sabana,Ikabaru,416,285,3,0,1,1,706,15
Bolivar,El Callao,El Callao,4664,7214,68,3,3,7,11959,375
Bolivar,Padre Pedro Chien,El Palmar,4545,3738,50,1,11,10,8355,177
Carabobo,Bejuma,Bejuma,8765,8287,64,7,7,4,17134,253
Carabobo,Bejuma,Simon Bolivar,2421,2332,14,1,1,2,4771,79
Carabobo,Diego Ibarra,Aguas Calientes,21002,5764,148,11,18,8,26951,624
Carabobo,Diego Ibarra,Mariara,17288,8693,125,13,24,4,26147,560
Carabobo,Carlos Arvelo,Guigue,24870,10759,235,17,22,11,35914,861
Carabobo,Guacara,Yagua,5899,4223,41,1,7,4,10175,155
Carabobo,Montalban,Montalban,7394,5960,46,3,5,2,13410,250
Carabobo,Juan Jose Mora,Moron,25441,8948,143,20,20,25,34597,697
Carabobo,Puerto Cabello,Democracia,6914,2362,36,5,5,8,9330,201
Carabobo,Puerto Cabello,Fraternidad,3378,3443,29,3,2,4,6859,101
Carabobo,Puerto Cabello,Bartolome Salom,13691,9480,81,13,4,9,23278,426
Carabobo,Puerto Cabello,Juan Jose Flores,22427,13882,136,17,15,15,36492,648
Carabobo,Puerto Cabello,Borburata,3215,1506,26,3,2,1,4753,65
Carabobo,Puerto Cabello,Goaigoaza,15901,9103,85,15,15,2,25121,450
Carabobo,Puerto Cabello,Union,1771,1437,16,2,2,3,3231,62
Carabobo,Puerto Cabello,Patanemo,1340,790,17,0,1,0,2148,54
Carabobo,Valencia,Candelaria,9489,10176,103,18,8,8,19802,328
Carabobo,Valencia,Miguel Pena,106263,65304,1133,105,95,69,172969,3437
Carabobo,Valencia,San Blas,5916,10497,64,5,4,5,16491,246
Carabobo,Valencia,San Jose,10351,75770,172,48,19,10,86370,639
Carabobo,Valencia,Santa Rosa,23485,16580,256,33,18,17,40389,946
Carabobo,Valencia,Negro Primero,3678,548,28,2,10,5,4271,86
Carabobo,Los Guayos,U Los Guayos,48671,27536,428,47,36,19,76737,1506
Carabobo,San Diego,Urb San Diego,14289,36739,184,30,31,9,51282,555
Carabobo,Libertador,U Tocuyito,39460,23774,286,38,38,35,63631,1202
Carabobo,Libertador,U Independencia,14448,5380,99,10,27,10,19974,370
Cojedes,Anzoategui,Cojedes,2810,941,13,1,0,1,3766,90
Cojedes,Anzoategui,Juan De Mata Suarez,3927,1786,31,2,0,1,5747,192
Cojedes,Tinaquillo,Tinaquillo,32675,17416,281,22,22,23,50439,1362
Cojedes,Girardot,Sucre,1032,296,12,0,2,0,1342,15
Cojedes,Ricaurte,Libertad De Cojedes,5617,1432,44,2,2,1,7098,158
Cojedes,Ricaurte,El Amparo,927,171,8,0,2,1,1109,19
Cojedes,Ezequiel Zamora,Manuel Manrique,1538,879,12,2,2,1,2434,61
Cojedes,Lima Blanco,Macapo,2972,1549,15,2,0,0,4538,101
Cojedes,Lima Blanco,La Aguadita,1840,677,11,0,3,1,2532,70
Falcon,Acosta,Libertador,285,264,2,0,0,0,551,19
Falcon,Acosta,San Juan De Los Cayos,2523,2232,22,1,2,1,4781,109
Falcon,Acosta,Capadare,2357,1253,11,0,1,1,3623,71
Falcon,Acosta,La Pastora,1342,476,11,1,2,2,1834,31
Falcon,Bolivar,Aracua,1152,425,6,0,0,1,1584,29
Falcon,Bolivar,San Luis,2024,941,22,4,3,0,2994,62
Falcon,Buchivacoa,Capatarida,2872,2019,28,3,0,0,4922,100
Falcon,Buchivacoa,Borojo,731,592,6,0,0,0,1329,15
Falcon,Buchivacoa,Seque,964,583,8,1,1,1,1558,33
Falcon,Buchivacoa,Bariro,793,832,8,0,2,0,1635,47
Falcon,Buchivacoa,Zazarida,2533,599,17,1,2,0,3152,58
Falcon,Carirubana,Norte,17430,10031,158,8,10,3,27640,476
Falcon,Carirubana,Santa Ana,6531,2442,58,3,3,0,9037,189
Falcon,Carirubana,Carirubana,31146,23823,296,28,22,23,55338,1124
Falcon,Colina,Guaibacoa,274,215,2,0,0,0,491,7
Falcon,Colina,La Vela De Coro,9409,6042,88,2,3,1,15545,288
Falcon,Colina,Acurigua,680,382,3,0,1,0,1066,23
Falcon,Colina,Macoruca,609,197,5,0,0,0,811,19
Falcon,Democracia,Avaria,415,142,10,0,0,0,567,8
Falcon,Democracia,Agua Clara,112,97,2,0,0,0,211,3
Falcon,Democracia,Piedra Grande,400,171,5,0,0,0,576,7
Falcon,Democracia,Pedregal,2686,1405,23,1,1,2,4118,76
Falcon,Falcon,Baraived,1506,805,17,1,2,0,2331,41
Falcon,Falcon,Adicora,2214,1197,20,1,1,1,3434,78
Falcon,Falcon,Moruy,2975,1368,23,1,3,1,4371,107
Falcon,Falcon,Buena Vista,1816,1121,14,2,0,0,2953,53
Falcon,Falcon,El Hato,948,343,3,0,1,0,1295,11
Falcon,Falcon,Jadacaquiva,1551,1008,13,1,1,3,2577,43
Falcon,Falcon,El Vinculo,1230,718,7,0,4,1,1960,55
Falcon,Falcon,Adaure,811,461,9,0,0,1,1282,25
Falcon,Federacion,Churuguara,4318,3809,39,4,7,6,8183,185
Falcon,Federacion,Agua Larga,1277,375,12,0,0,1,1665,28
Falcon,Federacion,El Pauji,1375,368,7,0,2,0,1752,44
Falcon,Federacion,Maparari,2320,1018,17,0,5,1,3361,118
Falcon,Mauroa,Casigua,2463,1007,11,0,0,3,3484,98
Falcon,Mauroa,San Felix,640,408,12,0,0,1,1061,9
Falcon,Miranda,San Antonio,32734,22880,367,27,37,27,56072,1227
Falcon,Miranda,Mitare,564,399,6,0,1,0,970,17
Falcon,Petit,Curimagua,1429,474,7,1,1,0,1912,59
Falcon,Petit,Colina,1382,276,5,0,2,0,1665,41
Falcon,Petit,Cabure,3049,1212,27,1,4,1,4294,85
Falcon,Zamora,Puerto Cumarebo,7794,5478,97,5,3,5,13382,211
Falcon,Zamora,Pueblo Cumarebo,1099,389,8,0,0,1,1497,12
Falcon,Zamora,La Soledad,813,316,5,2,0,0,1136,24
Falcon,Zamora,Zazarida,627,67,0,0,0,1,695,7
Falcon,Dabajuro,Dabajuro,6430,4781,60,3,4,1,11279,258
Falcon,Mons. Iturriza,Tocuyo De La Costa,3269,1606,15,0,1,0,4891,114
Falcon,Mons. Iturriza,Chichiriviche,2141,2524,24,0,1,3,4693,129
Falcon,Mons. Iturriza,Boca De Tocuyo,611,505,5,0,0,0,1121,18
Falcon,Los Taques,Judibana,7905,5736,67,7,2,3,13720,254
Falcon,Los Taques,Los Taques,8452,4530,79,2,4,3,13070,324
Falcon,Piritu,Piritu,3487,1134,38,0,3,2,4664,126
Falcon,Piritu,San Jose De La Costa,1435,458,9,2,3,0,1907,50
Falcon,Union,El Charal,1857,567,22,1,3,0,2450,29
Falcon,San Francisco,Mirimire,4603,2203,26,2,2,3,6839,122
Falcon,Jacura,Agua Linda,698,177,5,0,0,0,880,29
Falcon,Jacura,Jacura,2206,1006,25,2,1,1,3241,54
Falcon,Cacique Manaure,Yaracal,3577,2464,30,1,2,0,6074,244
Falcon,Palma Sola,Palma Sola,2482,488,14,1,2,1,2988,46
Falcon,Sucre,Pecaya,1008,211,2,0,1,0,1222,8
Falcon,Urumaco,Urumaco,2336,1446,11,0,0,1,3794,90
Falcon,Urumaco,Bruzual,1163,502,6,0,1,0,1672,16
Falcon,Tocopero,Tocopero,3433,1145,16,0,0,1,4595,128
Guarico,Infante,Espino,2219,538,15,0,4,1,2777,38
Guarico,Infante,Valle De La Pascua,35460,25861,344,35,30,17,61747,994
Guarico,Mellado,El Sombrero,9507,4197,72,5,9,3,13793,269
Guarico,Miranda,Guardatinajas,1826,630,8,0,0,3,2467,42
Guarico,Miranda,El Calvario,577,233,3,0,1,0,814,30
Guarico,Miranda,El Rastro,1141,483,11,0,0,1,1636,52
Guarico,Monagas,Altagracia De Orituco,19212,9391,175,11,21,8,28818,626
Guarico,Monagas,Soublette,1132,485,7,0,0,1,1625,21
Guarico,Monagas,San Fco De Macaira,1189,311,3,0,2,0,1505,21
Guarico,Miranda,Calabozo,42588,19315,399,30,35,30,62397,1147
Guarico,Monagas,Paso Real De Macaira,1743,707,15,0,3,1,2469,48
Guarico,Monagas,Lezama,1647,830,16,1,2,1,2497,59
Guarico,Monagas,San Rafael De Orituco,1886,702,11,1,0,0,2600,76
Guarico,Ribas,Tucupido,11941,7323,108,8,15,5,19400,352
Guarico,Roscio,Cantagallo,1011,414,7,0,0,0,1432,12
Guarico,Roscio,Parapara,1505,540,6,0,2,1,2054,21
Guarico,Roscio,San Juan De Los Morros,37775,28387,375,33,24,17,66611,1237
Guarico,Zaraza,Zaraza,18514,9320,189,10,26,16,28075,482
Guarico,Zaraza,San Jose De Unare,1137,473,10,0,1,1,1622,52
Guarico,Camaguan,Camaguan,5291,3057,51,0,7,3,8409,210
Guarico,Camaguan,Puerto Miranda,1315,597,9,0,1,1,1923,57
Guarico,Camaguan,Uverito,780,296,11,1,3,0,1091,28
Guarico,S Jose De Guaribe,San Jose De Guaribe,4240,1981,40,1,2,1,6265,146
Guarico,Las Mercedes,Cabruta,3865,822,25,0,4,3,4719,98
Guarico,Las Mercedes,Las Mercedes,6214,3358,51,0,8,0,9631,334
Guarico,Las Mercedes,Sta Rita De Manapire,910,188,2,0,0,1,1101,20
Guarico,El Socorro,El Socorro,7105,3071,50,4,6,1,10237,217
Guarico,Ortiz,Ortiz,3588,1931,47,1,7,0,5574,97
Guarico,Ortiz,San Fco. De Tiznados,1430,305,8,0,1,1,1745,42
Guarico,Ortiz,S Lorenzo De Tiznados,1152,279,3,0,0,0,1434,17
Guarico,S Maria De Ipire,Santa Maria De Ipire,4897,2104,52,2,12,5,7072,142
Guarico,S Maria De Ipire,Altamira,555,56,1,0,3,0,615,15
Guarico,Chaguaramas,Chaguaramas,4970,2647,34,2,6,2,7661,223
Guarico,San Geronimo De G,Cazorla,1875,981,10,0,1,0,2867,40
Guarico,San Geronimo De G,Guayabal,4814,2051,41,0,6,0,6912,130
Lara,Crespo,Freitez,8824,8566,102,14,18,9,17533,424
Lara,Iribarren,Union,45141,34083,572,52,39,28,79915,1788
Lara,Iribarren,La Concepcion,32952,65043,464,68,48,21,98596,1517
Lara,Iribarren,Catedral,26849,54732,421,37,53,15,82107,1316
Lara,Iribarren,Santa Rosa,15671,32317,217,29,27,14,48275,717
Lara,Iribarren,Juan De Villegas,97849,71868,1269,111,159,65,171321,3738
Lara,Iribarren,El Cuji,11873,10453,185,21,24,6,22562,431
Lara,Iribarren,Tamaca,17367,12048,276,12,39,11,29753,674
Lara,Iribarren,Buena Vista,2986,850,17,2,6,5,3866,58
Lara,Iribarren,Juarez,4981,2740,51,7,12,2,7793,203
Lara,Jimenez,Juan B Rodriguez,13000,8500,152,14,13,10,21689,411
Lara,Jimenez,Diego De Lozada,2792,1446,36,0,5,0,4279,114
Lara,Jimenez,San Miguel,1696,436,21,0,2,1,2156,22
Lara,Jimenez,Cuara,1810,850,23,0,3,1,2687,48
Lara,Jimenez,Crnel. Mariano Peraza,4532,2906,62,10,9,5,7524,188
Lara,Jimenez,Jose Bernardo Dorante,4379,1941,46,3,7,2,6378,163
Lara,Moran,Bolivar,21573,15111,234,18,28,12,36976,847
Lara,Moran,Anzoategui,2145,786,14,0,3,3,2951,68
Lara,Moran,Humocaro Alto,3984,915,31,1,9,2,4942,102
Lara,Moran,Hilario Luna Y Luna,4200,662,36,1,10,9,4918,99
Lara,Moran,La Candelaria,926,97,1,1,1,0,1026,28
Lara,Palavecino,Cabudare,14259,20397,238,18,22,7,34941,545
Lara,Palavecino,Agua Viva,4055,3974,46,4,12,2,8093,188
Lara,Torres,Antonio Diaz,1647,966,12,1,2,0,2628,48
Lara,Torres,Trinidad Samuel,30218,29652,308,24,32,25,60259,1223
Lara,Torres,Espinoza Los Monteros,2123,1134,16,3,2,1,3279,82
Lara,Torres,Lara,554,335,4,1,1,0,895,14
Lara,Torres,Camacaro,3848,1653,15,0,9,1,5526,88
Lara,Torres,Monta A Verde,3781,1622,46,4,14,2,5469,97
Lara,Torres,Montes De Oca,1262,861,9,1,3,0,2136,50
Lara,Torres,Torres,463,261,4,0,2,0,730,14
Lara,Torres,Manuel Morillo,1250,571,7,1,0,0,1829,42
Lara,Torres,Reyes Vargas,1249,437,7,0,4,1,1698,32
Lara,Torres,Las Mercedes,2769,1600,20,1,3,4,4397,108
Lara,Torres,Cecilio Zubillaga,2777,878,16,1,3,0,3675,74
Lara,Torres,Altagracia,545,583,4,2,0,0,1134,17
Lara,Urdaneta,Xaguas,1010,1102,10,0,3,0,2125,33
Lara,Urdaneta,San Miguel,4794,2278,44,2,11,2,7131,90
Lara,Urdaneta,Siquisique,8752,4642,66,2,18,5,13485,306
Lara,Urdaneta,Moroturo,8198,2937,72,3,17,6,11233,196
Lara,Andres E Blanco,Yacambu,3089,1039,23,2,7,4,4164,88
Lara,Andres E Blanco,Pio Tamayo,9905,7055,100,8,7,8,17083,312
Lara,Andres E Blanco,Qbda. Honda De Guache,2871,298,7,2,4,2,3184,24
Lara,Simon Planas,Sarare,6756,2372,43,6,10,7,9194,198
Lara,Simon Planas,Gustavo Vegas Leon,4819,1585,43,1,3,5,6456,128
Lara,Simon Planas,Buria,3059,1011,27,2,5,2,4106,112
Merida,Alberto Adriani,Jose Nucete Sardi,968,209,4,0,0,0,1181,25
Merida,Alberto Adriani,Gabriel Picon G.,1399,1025,12,0,1,2,2439,55
Merida,Alberto Adriani,Pte. Romulo Gallegos,7277,6801,52,2,7,6,14145,257
Merida,Alberto Adriani,Hector Amable Mora,3186,1949,17,3,4,1,5160,109
Merida,Alberto Adriani,Presidente Paez,9869,9171,87,4,10,8,19149,381
Merida,Andres Bello,La Azulita,4805,3021,26,3,0,0,7855,145
Merida,Arzobispo Chacon,Canagua,1106,950,5,0,1,2,2064,44
Merida,Arzobispo Chacon,Capuri,290,148,0,0,0,0,438,5
Merida,Arzobispo Chacon,Chacanta,721,335,5,1,1,0,1063,7
Merida,Arzobispo Chacon,Mucuchachi,650,414,6,0,0,0,1070,14
Merida,Arzobispo Chacon,Mucutuy,722,694,5,1,1,0,1423,56
Merida,Campo Elias,Acequias,292,144,4,0,0,0,440,6
Merida,Campo Elias,Jaji,1086,927,3,0,1,2,2019,34
Merida,Campo Elias,La Mesa,1529,1128,5,0,0,1,2663,61
Merida,Campo Elias,Montalban,7320,9299,40,4,2,3,16668,272
Merida,Campo Elias,Matriz,12104,11893,107,16,10,9,24139,464
Merida,Campo Elias,Fernandez Pena,3304,3945,23,8,4,1,7285,194
Merida,Guaraque,Mesa De Quintero,438,245,0,0,0,0,683,8
Merida,Guaraque,Guaraque,1793,1047,2,0,0,1,2843,51
Merida,Guaraque,Rio Negro,1018,1087,0,0,1,0,2106,30
Merida,Julio Cesar Salas,Arapuey,3969,2022,19,0,1,2,6013,138
Merida,Julio Cesar Salas,Palmira,953,576,5,0,0,0,1534,12
Merida,Justo Brice#O,San Cristobal De T,645,415,0,0,0,1,1061,21
Merida,Libertador,Juan Rodriguez Suarez,2317,9449,25,6,5,4,11806,127
Merida,Libertador,Jacinto Plaza,7683,6550,65,3,11,6,14318,295
Merida,Libertador,Arias,4250,5839,39,8,3,3,10142,214
Merida,Libertador,Milla,5124,9357,60,10,3,10,14564,249
Merida,Libertador,Sagrario,1215,2948,12,5,2,0,4182,73
Merida,Libertador,Gonzalo Picon Febres,1864,2209,14,0,2,4,4093,89
Merida,Libertador,Domingo Pena,5925,10482,56,10,4,5,16482,238
Merida,Libertador,Antonio Spinetti Dini,5929,10952,42,11,5,4,16943,253
Merida,Libertador,Los Nevados,350,111,0,0,0,0,461,15
Merida,Libertador,El Morro,735,369,2,0,0,0,1106,22
Merida,Libertador,Mariano Picon Salas,2540,6238,26,2,2,6,8814,125
Merida,Santos Marquina,Tabay,5205,4763,32,6,10,6,10022,219
Merida,Miranda,Chachopo,4829,4571,30,3,7,3,9443,247
Merida,Miranda,Pinango,544,357,3,1,0,1,906,14
Merida,Miranda,La Venta,425,575,8,0,0,0,1008,25
Merida,Antonio Pinto S.,Sta Cruz De Mora,5428,5385,39,1,3,1,10857,185
Merida,Antonio Pinto S.,Mesa De Las Palmas,974,560,0,1,0,0,1535,32
Merida,Ob. Ramos De Lora,Pq R De Alcazar,1801,1136,7,0,1,0,2945,51
Merida,Caracciolo Parra,Florencio Ramirez,2143,1023,10,1,1,0,3178,58
Merida,Cardenal Quintero,Santo Domingo,1789,1344,9,0,1,0,3143,102
Merida,Cardenal Quintero,Las Piedras,1713,764,11,1,1,0,2490,50
Merida,Rangel,Mucuchies,2131,2353,10,0,0,3,4497,104
Merida,Rangel,Mucuruba,1052,1016,10,1,1,1,2081,46
Merida,Rangel,San Rafael,1104,1075,17,0,3,0,2199,79
Merida,Rangel,Cacute,482,357,3,0,0,0,842,37
Merida,Rangel,La Toma,635,462,2,1,0,0,1100,56
Merida,Rivas Davila,Bailadores,4606,4345,35,5,2,2,8995,181
Merida,Rivas Davila,Geronimo Maldonado,1042,1177,9,1,0,0,2229,28
Merida,Sucre,Chiguara,2510,2050,11,1,3,1,4576,120
Merida,Sucre,Estanques,1535,846,9,0,0,2,2392,40
Merida,Sucre,Pueblo Nuevo Del Sur,1498,700,6,2,2,0,2208,28
Merida,Sucre,La Trampa,844,372,7,0,4,0,1227,25
Merida,Tovar,El Llano,2359,3585,16,1,1,3,5965,76
Merida,Tovar,Tovar,6313,7152,44,3,6,0,13518,240
Merida,Tovar,El Amparo,749,514,3,0,0,0,1266,29
Merida,Tovar,San Francisco,866,680,2,1,0,0,1549,13
Merida,Tulio F Cordero,Santa Apolonia,1002,702,4,1,1,0,1710,28
Merida,Tulio F Cordero,Nueva Bolivia,4908,3248,41,3,4,4,8208,164
Merida,Tulio F Cordero,Maria C Palacios,1658,546,7,0,1,0,2212,72
Merida,Padre Noguera,Sta Maria De Caparo,1054,1004,15,0,1,0,2074,32
Merida,Aricagua,Aricagua,950,1326,6,0,1,0,2283,37
Merida,Aricagua,San Antonio,335,327,1,0,1,0,664,7
Merida,Zea,Zea,2133,2730,16,3,3,1,4886,56
Merida,Zea,Cano El Tigre,1046,692,8,0,1,0,1747,31
Miranda,Acevedo,Ribas,2918,987,13,3,2,1,3924,68
Miranda,Acevedo,Araguita,2741,840,13,0,3,1,3598,90
Miranda,Acevedo,Panaquire,2649,1005,13,1,3,1,3672,112
Miranda,Acevedo,Caucagua,9272,4963,82,14,12,6,14349,381
Miranda,Acevedo,Arevalo Gonzalez,2311,737,13,0,4,1,3066,89
Miranda,Acevedo,Capaya,3882,1849,23,4,5,0,5763,215
Miranda,Acevedo,El Cafe,2200,757,14,0,2,0,2973,56
Miranda,Acevedo,Marizapa,3180,1230,22,2,2,1,4437,199
Miranda,Brion,Higuerote,9638,6849,74,11,12,4,16588,503
Miranda,Brion,Curiepe,4515,1865,27,3,6,2,6418,175
Miranda,Brion,Tacarigua,4683,2745,42,8,2,0,7480,188
Miranda,Guaicaipuro,Los Teques,61846,60143,511,108,69,51,122728,2368
Miranda,Guaicaipuro,San Pedro,2915,3061,29,5,5,2,6017,160
Miranda,Guaicaipuro,Paracotos,4127,2594,20,4,10,0,6755,160
Miranda,Guaicaipuro,El Jarillo,814,860,6,1,0,2,1683,61
Miranda,Guaicaipuro,Tacata,1653,795,10,3,2,0,2463,44
Miranda,Guaicaipuro,Altagracia De La M,1181,748,11,0,2,1,1943,74
Miranda,Independencia,Sta Teresa Del Tuy,26203,10713,141,15,29,14,37115,787
Miranda,Independencia,El Cartanal,26259,8761,180,30,20,7,35257,785
Miranda,Lander,Ocumare Del Tuy,47028,16612,309,44,38,18,64049,1469
Miranda,Lander,La Democracia,706,191,2,0,0,0,899,20
Miranda,Lander,Santa Barbara,5231,1254,18,5,5,2,6515,154
Miranda,Paez,Rio Chico,6579,4321,37,2,5,4,10948,328
Miranda,Paez,Paparo,532,312,5,0,0,0,849,17
Miranda,Paez,Tacarigua De La Laguna,1459,1128,12,2,1,0,2602,63
Miranda,Paez,Sn Fernando Del Guapo,1202,562,14,0,1,1,1780,57
Miranda,Paz Castillo,Santa Lucia,38237,12093,234,33,29,13,50639,1078
Miranda,Plaza,Guarenas,67489,44986,455,94,49,24,113097,2269
Miranda,Sucre,Leoncio Martinez,9889,35659,89,37,12,10,45696,572
Miranda,Sucre,La Dolorita,11755,4979,99,13,17,10,16873,461
Miranda,Sucre,Petare,116235,133879,923,181,128,69,251415,4210
Miranda,Urdaneta,Nueva Cua,15710,4547,102,12,13,14,20398,502
Miranda,Urdaneta,Cua,28261,17458,199,49,28,14,46009,1111
Miranda,Zamora,Bolivar,7990,3320,35,12,7,2,11366,227
Miranda,Cristobal Rojas,Charallave,35542,19917,262,48,25,17,55811,1313
Miranda,Cristobal Rojas,Las Brisas,5861,2320,41,10,6,5,8243,247
Miranda,Los Salias,San Antonio Los Altos,10862,34740,74,42,21,9,45748,474
Miranda,Andres Bello,Cumbo,367,270,2,1,0,1,641,25
Miranda,Simon Bolivar,San Fco De Yare,10830,4845,57,9,8,4,15753,360
Miranda,Baruta,Las Minas De Baruta,9793,18346,71,12,13,4,28239,398
Miranda,Baruta,Baruta,24154,90311,211,77,32,24,114809,1162
Miranda,Carrizal,Carrizal,12875,16504,101,39,21,8,29548,529
Miranda,Chacao,Chacao,10910,48262,128,40,26,13,59379,698
Miranda,El Hatillo,El Hatillo,7329,32950,82,18,16,4,40399,407
Miranda,Buroz,Mamporal,8728,3731,51,4,5,1,12520,326
Miranda,Pedro Gual,Cupira,5936,3481,62,4,4,5,9492,282
Monagas,Acosta,San Antonio,3807,3800,27,4,2,0,7640,163
Monagas,Acosta,San Francisco,2281,1531,6,3,2,1,3824,102
Monagas,Bolivar,Caripito,13063,7414,101,5,4,6,20593,442
Monagas,Caripe,Caripe,3547,3279,19,1,6,2,6854,149
Monagas,Caripe,Teresen,2900,1140,9,0,4,2,4055,95
Monagas,Caripe,San Agustin,1335,732,8,0,3,2,2080,48
Monagas,Caripe,La Guanota,918,525,12,2,4,0,1461,16
Monagas,Caripe,Sabana De Piedra,607,594,2,0,1,0,1204,38
Monagas,Cede#O,Areo,2367,786,23,0,1,0,3177,62
Monagas,Cede#O,San Felix,1300,1482,9,0,0,0,2791,33
Monagas,Cede#O,Caicara,4376,6282,58,4,14,1,10735,173
Monagas,Cede#O,Viento Fresco,1129,870,14,1,1,0,2015,50
Monagas,Ezequiel Zamora,El Tejero,3871,2076,24,1,2,2,5976,184
Monagas,Ezequiel Zamora,Punta De Mata,17306,10054,157,8,12,8,27545,670
Monagas,Libertador,Temblador,12011,4716,135,4,6,6,16878,384
Monagas,Libertador,Tabasca,1401,552,16,2,3,0,1974,49
Monagas,Libertador,Chaguaramas,2230,488,14,1,2,1,2736,78
Monagas,Libertador,Las Alhuacas,588,175,3,0,0,0,766,14
Monagas,Maturin,El Furrial,3516,1856,34,4,4,0,5414,128
Monagas,Maturin,La Pica,4725,2504,45,4,3,4,7285,197
Monagas,Maturin,Jusepin,5107,1772,42,1,1,2,6925,129
Monagas,Maturin,El Corozo,2048,1083,18,3,2,0,3154,98
Monagas,Maturin,San Vicente,3293,1564,31,1,2,1,4892,89
Monagas,Maturin,Boqueron,16395,12587,183,9,16,6,29196,597
Monagas,Maturin,San Simon,37873,39049,451,31,41,16,77461,1278
Monagas,Maturin,Alto De Los Godos,40861,29600,448,21,26,10,70966,1111
Monagas,Maturin,Santa Cruz,10349,9286,112,6,11,4,19768,357
Monagas,Piar,Aragua,3566,2005,26,0,4,0,5601,112
Monagas,Piar,Aparicio,1352,893,7,0,2,0,2254,38
Monagas,Piar,Chaguaramal,2786,1614,22,3,0,2,4427,90
Monagas,Piar,Guanaguana,1816,1099,8,1,4,0,2928,79
Monagas,Piar,Taguaya,1140,754,8,0,1,0,1903,26
Monagas,Piar,El Pinto,1251,414,16,0,2,3,1686,27
Monagas,Piar,La Toscana,3590,1859,27,2,0,2,5480,105
Monagas,Punceres,Quiriquire,5703,2844,74,3,3,4,8631,205
Monagas,Punceres,Cachipo,4751,2912,42,4,0,2,7711,154
Monagas,Sotillo,Barrancas,4864,2665,55,2,5,0,7591,166
Monagas,Sotillo,Los Barrancos De Fajardo,2991,605,30,0,5,1,3632,72
Monagas,Aguasay,Aguasay,5276,2965,59,0,4,1,8305,212
Monagas,Santa Barbara,Santa Barbara,3720,2233,28,6,1,0,5988,164
Monagas,Uracoa,Uracoa,2757,2931,24,1,4,1,5718,171
Nva.Esparta,Arismendi,La Asuncion,7003,9996,59,10,6,3,17077,311
Nva.Esparta,Diaz,San Juan Bautista,12616,9910,106,8,2,5,22647,633
Nva.Esparta,Diaz,Zabala,6196,3446,46,5,3,4,9700,286
Nva.Esparta,Gomez,Santa Ana,4871,3260,37,4,1,0,8173,102
Nva.Esparta,Gomez,Guevara,1628,1610,17,0,1,0,3256,45
Nva.Esparta,Gomez,Sucre,3007,2492,31,1,0,0,5531,93
Nva.Esparta,Gomez,Matasiete,1683,1406,18,0,0,0,3107,41
Nva.Esparta,Maneiro,Pampatar,5415,7397,29,6,1,0,12848,202
Nva.Esparta,Marcano,Juan Griego,6662,5141,63,2,8,4,11880,194
Nva.Esparta,Marcano,Adrian,5023,3483,53,2,5,0,8566,159
Nva.Esparta,Penin. De Macanao,Boca Del Rio,3329,2912,32,3,0,1,6277,77
Nva.Esparta,Penin. De Macanao,San Francisco,4408,2621,25,4,4,0,7062,102
Nva.Esparta,Villalba(I.Coche),San Pedro De Coche,1770,1382,15,1,10,0,3178,57
Nva.Esparta,Tubores,Punta De Piedras,7683,5775,54,2,5,2,13521,262
Nva.Esparta,Tubores,Los Barales,2950,1753,19,1,1,0,4724,92
Nva.Esparta,Antolin Del Campo,La Plaza De Paraguachi,8423,8052,80,8,1,3,16567,250
Nva.Esparta,Garcia,Valle Esp Santo,2819,3498,26,4,2,1,6350,131
Nva.Esparta,Garcia,Francisco Fajardo,13777,9777,131,9,6,1,23701,511
Portuguesa,Araure,Rio Acarigua,5270,814,28,1,10,4,6127,104
Portuguesa,Esteller,Piritu,15170,4382,138,6,16,10,19722,435
Portuguesa,Esteller,Uveral,3179,497,30,1,6,4,3717,74
Portuguesa,Guanare,Cordoba,1188,232,8,1,1,0,1430,25
Portuguesa,Guanare,San Jose De La Montana,755,232,6,0,0,0,993,11
Portuguesa,Guanare,San Juan Guanaguanare,5274,2268,51,3,11,3,7610,162
Portuguesa,Guanare,Virgen De La Coromoto,4046,1027,42,1,6,1,5123,171
Portuguesa,Guanarito,Guanarito,10274,4802,56,1,29,6,15168,370
Portuguesa,Guanarito,Trinidad De La Capilla,1433,203,4,2,4,1,1647,26
Portuguesa,Ospino,Aparicion,4007,1022,29,1,6,2,5067,112
Portuguesa,Ospino,La Estacion,4252,751,41,0,7,2,5053,118
Portuguesa,Paez,Ramon Peraza,2435,541,20,0,3,0,2999,100
Portuguesa,Paez,Payara,4769,575,26,3,3,5,5381,89
Portuguesa,Paez,Acarigua,59491,28002,542,55,45,32,88167,1888
Portuguesa,Sucre,Concepcion,1688,463,8,0,1,1,2161,53
Portuguesa,Sucre,San Rafael Palo Alzado,1374,527,6,0,2,0,1909,40
Portuguesa,Sucre,Uvencio A Velasquez,2403,1044,16,0,4,1,3468,67
Portuguesa,Sucre,San Jose De Saguaz,865,272,7,0,2,0,1146,29
Portuguesa,Sucre,Villa Rosa,2499,925,18,3,6,1,3452,54
Portuguesa,Turen,Villa Bruzual,16880,6687,157,9,13,5,23751,430
Portuguesa,Turen,San Isidro Labrador,2143,748,18,2,2,0,2913,35
Portuguesa,Turen,Santa Cruz,2100,361,19,1,10,2,2493,69
Portuguesa,M.Jose V De Unda,Pena Blanca,1393,352,14,0,2,1,1762,37
Portuguesa,Papelon,Cano Delgadito,4363,720,26,1,7,5,5122,118
Portuguesa,Genaro Boconoito,Boconoito,6805,1468,53,1,4,1,8332,172
Portuguesa,Genaro Boconoito,Antolin Tovar Aquino,4134,714,22,0,5,3,4878,115
Portuguesa,S Rafael De Onoto,Santa Fe,652,181,1,0,2,1,837,12
Portuguesa,S Rafael De Onoto,San Rafael De Onoto,5627,2193,56,2,3,1,7882,185
Portuguesa,Santa Rosalia,El Playon,6250,1341,35,0,2,4,7632,116
Portuguesa,Santa Rosalia,Florida,1829,215,16,1,1,1,2063,34
Sucre,Arismendi,Rio Caribe,8876,4619,41,1,3,2,13542,184
Sucre,Arismendi,El Morro De Pto Santo,2873,1336,10,3,1,2,4225,57
Sucre,Arismendi,Antonio Jose De Sucre,904,387,5,0,1,0,1297,31
Sucre,Benitez,El Pilar,6734,3044,35,2,7,3,9825,130
Sucre,Benitez,El Rincon,1162,765,12,0,2,0,1941,30
Sucre,Benitez,Tunapuicito,1115,302,1,0,2,1,1421,21
Sucre,Benitez,Union,838,270,1,0,0,0,1109,11
Sucre,Benitez,Gral Fco. A Vasquez,722,451,2,0,0,0,1175,17
Sucre,Bermudez,Santa Teresa,1656,1566,13,0,2,0,3237,34
Sucre,Bermudez,Bolivar,11362,5454,76,2,10,3,16907,290
Sucre,Bermudez,Macarapana,1972,1362,15,0,0,0,3349,55
Sucre,Bermudez,Santa Rosa,9330,7361,58,7,10,4,16770,291
Sucre,Cajigal,Paujil,1313,588,7,0,0,0,1908,42
Sucre,Cajigal,Libertad,2123,676,15,1,1,0,2816,57
Sucre,Mari#O,San Antonio De Irapa,736,384,3,0,0,0,1123,20
Sucre,Mari#O,Irapa,3516,2289,18,1,0,1,5825,95
Sucre,Mari#O,Marabal,889,299,6,0,3,0,1197,15
Sucre,Mejia,San Ant Del Golfo,5273,3474,31,1,5,2,8786,134
Sucre,Montes,Cumanacoa,7554,3820,48,4,6,3,11435,166
Sucre,Montes,Arenas,2510,981,23,0,0,2,3516,54
Sucre,Montes,Aricagua,2369,1474,21,1,5,1,3871,62
Sucre,Montes,Cocollar,1356,1014,2,0,1,2,2375,27
Sucre,Montes,San Fernando,2577,882,5,0,3,1,3468,44
Sucre,Ribero,Cariaco,10744,5306,66,1,7,3,16127,269
Sucre,Ribero,Catuaro,2799,1260,11,2,3,1,4076,70
Sucre,Ribero,Santa Cruz,820,301,2,0,1,0,1124,29
Sucre,Sucre,Ayacucho,14423,12331,134,10,12,14,26924,430
Sucre,Sucre,Raul Leoni,4307,2353,45,3,4,2,6714,147
Sucre,Sucre,Gran Mariscal,2523,1706,19,5,5,2,4260,90
Sucre,Sucre,San Juan,4711,2170,42,4,6,3,6936,135
Sucre,Valdez,Punta De Piedra,1623,794,3,0,2,0,2422,32
Sucre,Valdez,Bideau,930,172,6,0,0,0,1108,19
Sucre,Andres E Blanco,Romulo Gallegos,2401,1649,13,1,2,2,4068,70
Sucre,Andres E Blanco,Marino,5445,4224,55,2,6,5,9737,168
Sucre,Libertador,Tunapuy,3434,1894,16,3,2,2,5351,125
Sucre,Andres Mata,Tavera Acosta,3409,1537,18,1,2,1,4968,62
Sucre,Andres Mata,San Jose De Areocuar,4564,2672,11,4,2,0,7253,141
Sucre,Bolivar,Mariguitar,6355,5235,57,1,4,1,11653,221
Sucre,Cruz S Acosta,Araya,6782,3553,44,1,8,2,10390,199
Sucre,Cruz S Acosta,Chacopata,2750,1338,13,0,4,0,4105,65
Sucre,Cruz S Acosta,Manicuare,2994,1471,21,1,0,1,4488,65
Tachira,Ayacucho,San Pedro Del Rio,771,849,7,0,2,0,1629,35
Tachira,Bolivar,Juan Vicente Gomez,410,444,3,0,0,0,857,25
Tachira,Bolivar,Isaias Medina Angarit,577,395,6,0,1,0,979,27
Tachira,Bolivar,San Ant Del Tachira,9085,14661,114,7,3,5,23875,575
Tachira,Ayacucho,Colon,10952,14215,85,7,3,5,25267,553
Tachira,Independencia,Juan German Roscio,2528,2608,32,1,0,3,5172,126
Tachira,Independencia,Roman Cardenas,799,925,7,1,1,0,1733,35
Tachira,Independencia,Capacho Nuevo,5733,7450,64,4,3,2,13256,282
Tachira,Cardenas,Tariba,17420,27752,175,15,13,3,45378,945
Tachira,Cardenas,La Florida,806,453,0,0,0,1,1260,25
Tachira,Cardenas,Amenodoro Rangel Lamu,3900,6338,29,8,1,2,10278,189
Tachira,Jauregui,Mons. Miguel A Salas,870,602,11,0,2,0,1485,50
Tachira,Jauregui,Emilio C. Guerrero,653,580,3,0,0,0,1236,29
Tachira,Jauregui,La Grita,8580,10629,79,5,13,7,19313,417
Tachira,Junin,La Petrolea,625,466,7,0,0,0,1098,29
Tachira,Junin,Quinimari,471,473,2,0,0,1,947,14
Tachira,Lobatera,Constitucion,1947,1434,12,1,0,0,3394,58
Tachira,San Cristobal,La Concordia,22054,36594,209,22,29,12,58920,1033
Tachira,San Cristobal,San Sebastian,4685,5665,51,3,5,4,10413,224
Tachira,San Cristobal,Dr. Fco. Romero Lobo,429,382,1,0,0,0,812,23
Tachira,Uribante,Pregonero,3493,3549,16,1,1,1,7061,147
Tachira,Uribante,Cardenas,1012,858,3,0,1,0,1874,17
Tachira,Uribante,Potosi,469,550,1,0,0,1,1021,24
Tachira,Uribante,Juan Pablo Penaloza,798,530,2,1,0,0,1331,28
Tachira,Cordoba,Sta. Ana  Del Tachira,7670,8247,62,10,1,1,15991,499
Tachira,Garcia De Hevia,La Fria,12902,8707,108,3,4,4,21728,394
Tachira,Garcia De Hevia,Boca De Grita,815,690,6,1,0,0,1512,52
Tachira,Garcia De Hevia,Jose Antonio Paez,1481,843,2,0,1,0,2327,59
Tachira,Michelena,Michelena,5546,5391,40,9,5,2,10993,202
Tachira,Libertador,San Joaquin De Navay,782,865,10,1,1,0,1659,32
Tachira,Libertador,Emeterio Ochoa,1379,1443,4,3,0,2,2831,36
Tachira,Libertador,Abejales,2547,2474,12,1,1,0,5035,109
Tachira,Libertador,Doradas,1253,1080,13,0,3,2,2351,18
Tachira,Panamericano,Coloncito,5908,5693,51,1,3,3,11659,261
Tachira,Panamericano,La Palmita,1981,1101,21,1,0,1,3105,67
Tachira,Pedro Maria Ure#A,Urena,7290,8875,78,4,9,1,16257,400
Tachira,Sucre,San Pablo,957,500,2,0,0,0,1459,16
Tachira,Sucre,Eleazar Lopez Contrera,156,201,0,0,0,0,357,4
Tachira,Sucre,Queniquea,1802,1368,5,1,0,0,3176,45
Tachira,Andres Bello,Cordero,5740,8096,42,9,6,2,13895,310
Tachira,Fernandez Feo,San Rafael Del Pinal,4457,4343,56,1,4,1,8862,184
Tachira,Fernandez Feo,Santo Domingo,3051,2266,34,4,2,1,5358,127
Tachira,Fernandez Feo,Alberto Adriani,4322,2736,30,1,4,3,7096,172
Tachira,Libertad,Cipriano Castro,1095,952,8,0,1,0,2056,25
Tachira,Libertad,Capacho Viejo,3844,3402,29,3,2,3,7283,196
Tachira,Libertad,Manuel Felipe Rugeles,2606,2618,22,1,1,1,5249,147
Tachira,Samuel Maldonado,La Tendida,2695,2189,14,2,0,0,4900,127
Tachira,Samuel Maldonado,Bocono,1370,816,2,1,2,2,2193,51
Tachira,Samuel Maldonado,Hernandez,1208,898,4,1,0,0,2111,39
Tachira,Antonio Romulo C,Las Mesas,3823,2163,27,2,0,2,6017,169
Tachira,Rafael Urdaneta,Delicias,2208,1690,17,3,3,1,3922,103
Tachira,Simon Rodriguez,San Simon,953,1103,7,0,4,0,2067,41
Tachira,San Judas Tadeo,Umuquena,3535,2216,24,1,3,0,5779,150
Trujillo,Rafael Rangel,Jose G Hernandez,2055,1344,20,4,1,1,3425,54
Trujillo,Rafael Rangel,La Pueblita,1830,1428,15,0,3,0,3276,75
Trujillo,Bocono,Bocono,8069,5062,66,9,15,7,13228,304
Trujillo,Bocono,General Rivas,1545,746,10,1,6,3,2311,65
Trujillo,Bocono,Monsenor Jauregui,2086,656,14,2,2,2,2762,68
Trujillo,Bocono,San Jose,2381,477,11,1,5,0,2875,53
Trujillo,Bocono,San Miguel,2052,243,5,1,2,1,2304,24
Trujillo,Bocono,La Vega De Guaramacal,793,63,2,0,1,0,859,31
Trujillo,Bocono,Guaramacal,818,42,0,0,0,1,861,6
Trujillo,Carache,Cuicas,2829,813,14,1,4,0,3661,41
Trujillo,Carache,Carache,4407,2481,32,0,4,2,6926,150
Trujillo,Carache,Panamericana,1364,191,8,0,1,0,1564,20
Trujillo,Carache,Santa Cruz,1026,312,8,1,0,0,1347,41
Trujillo,Bocono,Rafael Rangel,1929,514,14,1,3,1,2462,46
Trujillo,Escuque,Sabana Libre,2210,1680,14,0,2,0,3906,77
Trujillo,Escuque,La Union,1079,770,10,0,0,1,1860,32
Trujillo,Escuque,Escuque,5437,3249,39,3,3,0,8731,149
Trujillo,Escuque,Santa Rita,1272,569,11,1,1,0,1854,39
Trujillo,Trujillo,Chiquinquira,3423,2543,29,2,3,0,6000,94
Trujillo,Trujillo,Cristobal Mendoza,5395,3411,39,9,1,0,8855,140
Trujillo,Trujillo,Monsenor Carrillo,3898,1893,34,1,5,0,5831,111
Trujillo,Trujillo,Andres Linares,1354,714,3,0,5,0,2076,48
Trujillo,Trujillo,Tres Esquinas,1869,1111,11,0,4,0,2995,61
Trujillo,Trujillo,Matriz,2908,2717,20,5,6,1,5657,106
Trujillo,Trujillo,Cruz Carrillo,1585,1135,12,3,2,0,2737,44
Trujillo,Urdaneta,La Mesa,2707,1348,22,1,2,0,4080,95
Trujillo,Urdaneta,Jajo,2277,1485,8,0,1,1,3772,68
Trujillo,Urdaneta,Cabimbu,830,695,1,0,3,1,1530,7
Trujillo,Urdaneta,Tuname,1670,568,15,0,10,2,2265,49
Trujillo,Valera,Mercedes Diaz,19334,13865,128,17,17,14,33375,615
Trujillo,Valera,Mendoza,2939,2212,20,3,2,3,5179,82
Trujillo,Valera,La Puerta,3207,2222,18,3,2,0,5452,98
Trujillo,Candelaria,Cegarra,483,149,2,0,0,0,634,8
Trujillo,Candelaria,Carrillo,1003,285,1,0,0,0,1289,13
Trujillo,Candelaria,Bolivia,1498,309,9,0,2,0,1818,21
Trujillo,Candelaria,Arnoldo Gabaldon,1333,249,5,0,0,1,1588,18
Trujillo,Candelaria,Manuel Salvador Ulloa,956,194,4,0,0,0,1154,33
Trujillo,Candelaria,San Jose,1650,275,9,0,2,0,1936,22
Trujillo,Candelaria,Chejende,4987,1631,27,1,2,1,6649,127
Trujillo,Miranda,El Dividive,3819,2223,18,0,0,0,6060,154
Trujillo,Miranda,Agua Caliente,657,166,4,0,0,0,827,14
Trujillo,Miranda,Valerita,363,59,7,0,0,0,429,7
Trujillo,Miranda,El Cenizo,1157,234,8,0,2,0,1401,27
Trujillo,Monte Carmelo,Monte Carmelo,2748,1196,20,0,2,0,3966,69
Trujillo,Monte Carmelo,Sta Maria Del Horcon,666,178,1,1,0,0,846,21
Trujillo,Monte Carmelo,Buena Vista,2587,863,7,0,0,1,3458,71
Trujillo,Motatan,Motatan,4689,2131,29,2,0,1,6852,182
Trujillo,Motatan,El Bano,880,371,2,0,1,0,1254,27
Trujillo,Pampan,La Paz,6717,2100,41,1,6,2,8867,202
Trujillo,Pampan,Santa Ana,3535,907,11,1,2,1,4457,62
Trujillo,Pampan,Pampan,2832,2296,28,2,0,1,5159,112
Trujillo,S Rafael Carvajal,Jose Leonardo Suarez,3296,1617,20,1,1,0,4935,112
Trujillo,S Rafael Carvajal,Campo Alegre,6497,4627,33,1,3,1,11162,208
Trujillo,S Rafael Carvajal,Antonio N Briceno,3554,2459,15,2,4,1,6035,109
Trujillo,S Rafael Carvajal,Carvajal,3763,3546,16,3,2,1,7331,144
Trujillo,Sucre,Sabana De Mendoza,3541,2451,25,2,0,3,6022,106
Trujillo,Sucre,El Paraiso,632,289,0,0,0,0,921,20
Trujillo,Sucre,Junin,1452,657,3,0,0,0,2112,22
Trujillo,Sucre,Valmore Rodriguez,4331,1836,22,0,5,4,6198,108
Trujillo,Andres Bello,Araguaney,738,400,2,0,0,0,1140,22
Trujillo,Andres Bello,Santa Isabel,2419,1125,10,1,3,0,3558,99
Trujillo,Andres Bello,La Esperanza,1452,478,3,0,0,0,1933,62
Trujillo,Bolivar,Sabana Grande,2943,1146,8,1,0,0,4098,83
Trujillo,Jose F M Ca#Izal,Antonio Jose De Sucre,357,295,1,0,0,0,653,9
Trujillo,Jose F M Ca#Izal,Los Caprichos,183,90,4,0,0,0,277,2
Trujillo,Jose F M Ca#Izal,El Socorro,1490,802,6,0,2,1,2301,43
Trujillo,Juan V Campo Eli,Arnoldo Gabaldon,1125,230,3,0,1,1,1360,22
Trujillo,La Ceiba,El Progreso,2039,655,5,0,0,1,2700,37
Trujillo,La Ceiba,Santa Apolonia,2115,555,4,0,0,0,2674,35
Trujillo,La Ceiba,La Ceiba,544,97,0,0,0,1,642,15
Trujillo,Juan V Campo Eli,Campo Elias,2161,762,8,2,2,1,2936,48
Trujillo,Pampanito,Pampanito Ii,3458,1488,21,0,2,2,4971,95
Trujillo,Pampanito,Pampanito,3997,2574,25,2,1,2,6601,125
Trujillo,Pampanito,La Concepcion,1654,1063,10,2,1,0,2730,51
Yaracuy,Bolivar,Aroa,11186,5646,81,3,8,7,16931,395
Yaracuy,Bruzual,Campo Elias,5261,1654,29,2,6,5,6957,161
Yaracuy,Bruzual,Chivacoa,18577,11187,160,17,23,16,29980,654
Yaracuy,Nirgua,Nirgua,14187,8579,118,14,17,13,22928,557
Yaracuy,Nirgua,Temerla,1240,327,7,1,0,0,1575,39
Yaracuy,San Felipe,San Felipe,13804,19574,155,16,23,6,33578,706
Yaracuy,San Felipe,Albarico,9298,5120,99,9,9,5,14540,373
Yaracuy,San Felipe,San Javier,5103,2551,45,2,4,3,7708,189
Yaracuy,Sucre,Guama,6746,5051,68,3,4,4,11876,287
Yaracuy,Urachiche,Urachiche,8504,3341,70,5,5,6,11931,322
Yaracuy,Pe#A,Yaritagua,29843,16735,250,17,38,14,46897,1083
Yaracuy,Pe#A,San Andres,2759,1580,34,3,6,1,4383,109
Yaracuy,Jose Antonio Paez,Sabana De Parra,7305,3028,77,2,7,2,10421,257
Yaracuy,La Trinidad,Boraure,5419,3971,49,3,3,2,9447,262
Yaracuy,Cocorote,Cocorote,10455,10957,106,14,11,7,21550,660
Yaracuy,Independencia,Independencia,14004,16799,178,15,20,6,31022,893
Yaracuy,Aristides Bastid,San Pablo,7386,3576,66,2,6,4,11040,273
Yaracuy,Manuel Monge,Yumare,7055,2528,33,3,5,7,9631,216
Yaracuy,Veroes,El Guayabo,5498,1674,27,2,5,2,7208,205
Zulia,Baralt,General Urdaneta,4740,1541,23,1,2,0,6307,73
Zulia,Baralt,Manuel Guanipa Matos,3607,2613,16,1,1,1,6239,92
Zulia,Baralt,Libertador,6197,4427,42,1,6,1,10674,179
Zulia,Baralt,Marcelino Briceno,1814,776,3,0,0,1,2594,30
Zulia,Baralt,Pueblo Nuevo,8094,5373,82,2,8,2,13561,256
Zulia,Baralt,San Timoteo,2952,1507,20,1,0,0,4480,47
Zulia,Santa Rita,Pedro Lucas Urribarri,1657,1015,5,0,0,0,2677,55
Zulia,Santa Rita,El Mene,1932,1403,16,3,1,1,3356,42
Zulia,Colon,Santa Cruz Del Zulia,2200,2235,4,0,1,1,4441,58
Zulia,Colon,Urribarri,3659,2164,23,1,3,2,5852,64
Zulia,Colon,San Carlos Del Zulia,4585,4333,34,2,3,0,8957,159
Zulia,Colon,Moralito,5740,3289,22,0,5,1,9057,161
Zulia,Colon,Santa Barbara,13923,11535,77,6,4,6,25551,429
Zulia,Santa Rita,Jose Cenovio Urribarr,4920,3810,28,2,2,5,8767,131
Zulia,Mara,Mons.Marcos Sergio G,1638,390,1,0,0,0,2029,18
Zulia,Mara,Ricaurte,15529,7653,86,6,13,9,23296,485
Zulia,Mara,Las Parcelas,6007,1628,16,1,8,2,7662,81
Zulia,Mara,Tamare,5482,2251,24,1,4,1,7763,98
Zulia,Maracaibo,Bolivar,5262,10565,30,5,7,2,15871,168
Zulia,Maracaibo,Coquivacoa,22832,29787,119,23,13,2,52776,728
Zulia,Maracaibo,Santa Lucia,8022,15953,49,12,7,3,24046,313
Zulia,Maracaibo,Chiquinquira,11103,24487,105,18,11,8,35732,536
Zulia,Maracaibo,Caracciolo Parra Perez,13299,23323,88,24,7,4,36745,498
Zulia,Maracaibo,Olegario Villalobos,11209,39288,97,25,15,2,50636,512
Zulia,Maracaibo,Cristo De Aranza,29194,33897,144,19,24,8,63286,917
Zulia,Maracaibo,Idelfonzo Vasquez,29462,17571,149,12,28,18,47240,949
Zulia,Maracaibo,Juana De Avila,13455,30257,100,15,19,2,43848,458
Zulia,Maracaibo,Cacique Mara,18282,20335,98,21,17,0,38753,563
Zulia,Maracaibo,Luis Hurtado Higuera,19336,10461,82,7,7,4,29897,457
Zulia,Maracaibo,Francisco Eugenio B,45147,36023,207,40,53,16,81486,1312
Zulia,Maracaibo,San Isidro,9422,3931,38,5,11,2,13409,218
Zulia,Maracaibo,Antonio Borjas Romero,21547,11622,111,13,9,11,33313,664
Zulia,Maracaibo,Manuel Dagnino,22115,20437,128,25,18,4,42727,649
Zulia,Maracaibo,Venancio Pulgar,28144,16429,106,18,31,19,44747,860
Zulia,Maracaibo,Raul Leoni,11392,25350,62,19,9,4,36836,350
Zulia,Miranda,Faria,2219,1133,4,1,1,0,3358,61
Zulia,Miranda,San Antonio,2957,1901,17,2,4,2,4883,103
Zulia,Miranda,Ana Maria Campos,2608,1658,24,1,2,1,4294,71
Zulia,Miranda,Altagracia,19870,10173,88,6,10,4,30151,472
Zulia,Blvno Guajira,Elias Sanchez Rubio,3130,1497,19,0,2,0,4648,72
Zulia,Blvno Guajira,Sinamaica,5292,2567,40,0,6,2,7907,125
Zulia,Blvno Guajira,Alta Guajira,2138,606,8,0,1,1,2754,58
Zulia,Machiques De P,Rio Negro,2035,746,8,0,4,0,2793,57
Zulia,Machiques De P,Bartolome De Las Casas,3468,3437,19,0,3,0,6927,116
Zulia,Machiques De P,Libertad,19148,15726,132,2,20,12,35040,621
Zulia,Machiques De P,San Jose De Perija,4055,4801,24,1,3,1,8885,102
Zulia,Sucre,Gibraltar,3604,1657,8,0,2,1,5272,103
Zulia,Sucre,Bobures,2051,1116,3,2,0,1,3173,66
Zulia,Sucre,Romulo Gallegos,6809,4564,46,3,6,2,11430,246
Zulia,La Ca#Ada De U.,El Carmelo,2668,2495,6,0,1,0,5170,34
Zulia,La Ca#Ada De U.,Concepcion,8164,9313,32,3,3,0,17515,168
Zulia,Lagunillas,Eleazar Lopez C,1130,615,3,0,0,1,1749,42
Zulia,Lagunillas,Venezuela,8438,10096,67,6,9,7,18623,334
Zulia,Lagunillas,Libertad,9757,10122,90,6,8,3,19986,381
Zulia,Catatumbo,Encontrados,4930,4125,21,1,3,0,9080,116
Zulia,Catatumbo,Udon Perez,3004,2890,17,2,1,1,5915,81
Zulia,Rosario De Perija,Sixto Zambrano,2771,2004,4,0,0,0,4779,60
Zulia,Rosario De Perija,El Rosario,17849,15602,86,4,17,7,33565,572
Zulia,Cabimas,Ambrosio,13813,15711,126,12,15,6,29683,391
Zulia,Cabimas,La Rosa,10086,8804,71,8,5,3,18977,310
Zulia,Cabimas,Punta Gorda,3617,1785,25,3,0,1,5431,82
Zulia,Cabimas,Jorge Hernandez,16041,8854,75,8,13,5,24996,486
Zulia,Cabimas,German Rios Linares,14281,8131,75,9,9,4,22509,376
Zulia,Cabimas,San Benito,8000,4322,50,6,7,2,12387,215
Zulia,Cabimas,Romulo Betancourt,9041,4693,52,4,4,3,13797,196
Zulia,Cabimas,Carmen Herrera,8959,11222,62,7,9,3,20262,300
Zulia,Valmore Rodriguez,La Victoria,7847,7538,74,4,11,4,15478,352
Zulia,Valmore Rodriguez,Rafael Urdaneta,3061,2803,32,2,2,1,5901,158
Zulia,Jesus E Lossada,Jose Ramon Yepez,5838,3257,13,0,5,0,9113,165
Zulia,Jesus E Lossada,San Jose,4371,1988,14,1,4,1,6379,90
Zulia,Jesus E Lossada,Mariano Parra Leon,2179,1436,4,0,1,0,3620,60
Zulia,Jesus E Lossada,La Concepcion,16645,12928,97,12,16,8,29706,625
Zulia,Almirante P,Isla De Toas,3899,1547,15,0,0,0,5461,43
Zulia,Almirante P,Monagas,1746,339,0,0,0,0,2085,30
Zulia,San Francisco,Francisco Ochoa,20282,20332,122,15,24,5,40780,582
Zulia,San Francisco,San Francisco,32456,33136,185,26,16,6,65825,774
Zulia,San Francisco,Los Cortijos,15084,6922,70,9,9,4,22098,394
Zulia,Jesus M Semprun,Bari,2409,508,14,0,0,2,2933,39
Zulia,Jesus M Semprun,Jesus M Semprun,6045,3188,40,1,2,0,9276,150
Zulia,Francisco J Pulg,Simon Rodriguez,4392,3524,15,1,3,1,7936,203
Zulia,Simon Bolivar,Rafael Maria Baralt,5675,3482,23,4,8,5,9197,195
Zulia,Simon Bolivar,Manuel Manrique,6828,7346,51,4,3,5,14237,287
Amazonas,Atures,Parhuena,2236,1900,23,0,2,1,4162,154
Amazonas,Atures,Platanillal,2930,2175,35,0,2,1,5143,229
Amazonas,Atabapo,San Fernando De Ataba,1390,1858,41,6,1,3,3299,100
Amazonas,Atabapo,Ucata,291,218,5,0,1,0,515,16
Amazonas,Atabapo,Yapacana,110,266,9,0,0,0,385,22
Amazonas,Atabapo,Caname,76,63,0,0,0,0,139,5
Amazonas,Maroa,Comunidad,94,34,0,0,0,0,128,1
Amazonas,Maroa,Victorino,202,101,1,0,0,0,304,4
Amazonas,Maroa,Maroa,700,455,10,1,0,0,1166,19
Amazonas,Rio Negro,San Carlos De Rio Neg,463,610,20,0,0,0,1093,33
Amazonas,Rio Negro,Solano,95,126,11,0,0,1,233,14
Amazonas,Rio Negro,Cocuy,24,61,1,0,0,0,86,1
Amazonas,Rio Negro,Casiquiare,46,78,0,0,0,0,124,1
Amazonas,Autana,Isla De Raton,589,838,14,0,1,1,1443,35
Amazonas,Autana,Munduapo,249,448,10,0,0,0,707,13
Amazonas,Manapiare,San Juan De Manapiare,1346,481,13,0,1,1,1842,46
Amazonas,Manapiare,Alto Ventuari,714,106,8,0,0,1,829,22
Amazonas,Manapiare,Bajo Ventuari,175,274,11,0,0,0,460,16
Amazonas,Alto Orinoco,Huachamacare,281,168,9,0,1,0,459,2
Amazonas,Alto Orinoco,La Esmeralda,474,233,13,0,0,0,720,15
Amazonas,Alto Orinoco,Sierra Parima,220,25,1,0,0,0,246,3
Amazonas,Alto Orinoco,Marawaka,344,348,8,0,0,0,700,55
Delta Amac,Tucupita,San Jose,2174,2643,46,4,0,2,4869,113
Delta Amac,Tucupita,San Rafael,4275,2342,59,3,4,7,6690,216
Delta Amac,Tucupita,Virgen Del Valle,2603,1182,30,0,1,3,3819,102
Delta Amac,Tucupita,Leonardo Ruiz Pineda,3547,2768,73,2,7,1,6398,202
Delta Amac,Tucupita,Jose Vidal Marcano,4608,3862,87,3,4,3,8567,207
Delta Amac,Tucupita,Mons. Argimiro Garcia,4566,3961,80,1,6,2,8616,243
Delta Amac,Tucupita,Mcl.Antonio J De Sucre,3062,2071,56,6,2,7,5204,186
Delta Amac,Pedernales,Luis B Prieto Figuero,1805,460,13,1,1,0,2280,33
Delta Amac,Pedernales,Pedernales,2306,679,8,1,0,0,2994,51
Delta Amac,Antonio Diaz,Curiapo,2723,669,12,0,2,1,3407,39
Delta Amac,Antonio Diaz,Manuel Renaud,2630,366,9,2,3,3,3013,20
Delta Amac,Antonio Diaz,Santos De Abelgas,726,121,2,0,0,0,849,10
Delta Amac,Antonio Diaz,Padre Barral,2642,281,2,0,4,1,2930,29
Delta Amac,Antonio Diaz,Aniceto Lugo,639,71,7,0,1,0,718,4
Delta Amac,Casacoima,Romulo Gallegos,915,447,11,1,2,1,1377,23
Delta Amac,Casacoima,Imataca,2143,645,20,0,9,2,2819,82
Delta Amac,Casacoima,5 De Julio,1031,159,10,1,1,1,1203,36
Delta Amac,Casacoima,Manuel Piar,6303,1905,50,1,6,2,8267,217
Vargas,Vargas,Caruao,2587,1129,16,3,5,2,3742,87
Vargas,Vargas,Caraballeda,11200,11666,95,14,9,5,22989,415
Vargas,Vargas,Catia La Mar,33003,17297,252,38,34,13,50637,984
Vargas,Vargas,La Guaira,8338,5688,89,10,7,3,14135,402
Vargas,Vargas,Maiquetia,13985,8925,106,24,13,8,23061,472
Vargas,Vargas,Naiguata,7481,3362,47,8,5,3,10906,209
Vargas,Vargas,Macuto,5419,6056,51,9,3,2,11540,163
Vargas,Vargas,El Junko,3113,2275,32,3,10,4,5437,151
Vargas,Vargas,Urimare,11779,8302,95,12,13,15,20216,342
Anzoategui,Independencia,Soledad,9416,4297,81,6,9,3,13812,339
Anzoategui,Libertad,El Carito,614,555,7,0,0,0,1176,17
Anzoategui,Libertad,Santa Ines,1052,647,7,0,1,0,1707,25
Anzoategui,Monagas,Piar,543,364,1,0,0,0,908,16
Anzoategui,Monagas,Santa Clara,1279,536,9,0,4,0,1828,51
Anzoategui,Monagas,Uverito,805,624,11,2,0,0,1442,48
Anzoategui,Pe#Alver,San Miguel,1190,840,14,0,0,0,2044,56
Anzoategui,Guanipa,San Jose De Guanipa,23197,18110,309,17,14,6,41653,812
Anzoategui,L/Diego Bautista,Lecherias,3934,18380,44,12,1,3,22374,167
Anzoategui,S Juan Capistrano,Boca Uchire,2618,2032,30,1,3,3,4687,108
Apure,Mu#Oz,Quintero,571,293,2,0,0,0,866,7
Apure,San Fernando,El Recreo,10343,3681,89,6,6,1,14126,262
Aragua,Jose Felix Rivas,Las Guacamayas,2507,1121,17,1,1,2,3649,101
Aragua,Urdaneta,Barbacoas,4826,2048,32,4,4,0,6914,231
Aragua,Santos Michelena,Tiara,1800,451,9,1,1,0,2262,102
Aragua,Mario B Iragorry,El Limon,9721,14678,77,23,21,5,24525,374
Aragua,Mario B Iragorry,Ca A De Azucar,21992,18617,164,30,27,10,40840,640
Aragua,Camatagua,Camatagua,4697,1980,47,1,3,1,6729,131
Aragua,Francisco Linares,Francisco De Miranda,9291,4818,67,12,7,6,14201,332
Aragua,Ocumare D L Costa,Ocumare De La Costa,4057,2432,26,2,2,2,6521,140
Barinas,Arismendi,San Antonio,1405,719,13,2,0,0,2139,46
Barinas,Barinas,Manuel P Fajardo,2618,1784,13,0,5,0,4420,128
Barinas,Barinas,Ramon I Mendez,18423,11149,167,5,17,7,29768,797
Barinas,Ezequiel Zamora,Santa Barbara,10598,9341,101,1,16,3,20060,439
Barinas,Alberto Arvelo T,Rodriguez Dominguez,3875,800,22,0,4,1,4702,73
Barinas,Cruz Paredes,Barrancas,8659,2916,67,1,4,2,11649,229
Bolivar,Caroni,Yocoima,4392,1583,49,2,7,5,6038,129
Bolivar,Caroni,Pozo Verde,6072,1750,50,3,11,8,7894,216
Bolivar,Cede#O,Pijiguaos,3128,935,18,1,4,2,4088,104
Bolivar,Heres,Catedral,17312,20937,265,21,10,8,38553,812
Bolivar,Heres,Orinoco,784,292,6,1,1,1,1085,21
Bolivar,Heres,Panapana,1113,294,9,2,2,2,1422,56
Bolivar,Roscio,Guasipati,5513,6066,75,2,7,2,11665,320
Bolivar,Sucre,Guarataro,3109,840,20,4,3,1,3977,79
Bolivar,Sifontes,Dalla Costa,2280,949,29,0,2,6,3266,59
Carabobo,Bejuma,Canoabo,2290,1796,11,4,5,2,4108,71
Carabobo,Carlos Arvelo,Belen,5537,1874,29,2,6,1,7449,123
Carabobo,Carlos Arvelo,Tacarigua,21941,8355,175,15,24,14,30524,693
Carabobo,Guacara,Guacara,42655,28248,410,39,43,18,71413,1286
Carabobo,Guacara,Ciudad Alianza,2640,9430,24,4,2,1,12101,99
Carabobo,Juan Jose Mora,Urama,3745,1036,14,1,3,3,4802,81
Carabobo,San Joaquin,San Joaquin,18061,12860,151,23,18,9,31122,575
Carabobo,Valencia,Catedral,1275,1776,17,1,4,1,3074,45
Carabobo,Valencia,El Socorro,1240,2639,20,2,2,1,3904,64
Carabobo,Valencia,Rafael Urdaneta,52795,46677,533,37,48,27,100117,1567
Carabobo,Miranda,Miranda,9829,5011,64,5,5,2,14916,272
Cojedes,Girardot,El Baul,3910,1896,34,4,3,1,5848,132
Cojedes,Ezequiel Zamora,Juan Angel Bravo,637,256,6,0,0,0,899,14
Cojedes,Romulo Gallegos,Romulo Gallegos,7418,3304,92,1,6,2,10823,278
Falcon,Bolivar,La Pena,949,275,6,1,1,0,1232,29
Falcon,Colina,Las Calderas,1586,1592,23,2,1,1,3205,40
Falcon,Democracia,Purureche,655,263,5,0,0,0,923,11
Falcon,Federacion,Independencia,366,185,5,0,1,0,557,9
Falcon,Miranda,San Gabriel,13116,17815,170,12,9,9,31131,599
Falcon,Miranda,Santa Ana,6609,6907,91,5,8,3,13623,303
Falcon,Miranda,Sabaneta,1714,804,9,1,2,0,2530,53
Falcon,Miranda,Rio Seco,1244,406,11,0,1,2,1664,37
Falcon,Silva,Boca De Aroa,2163,1184,16,0,3,2,3368,135
Falcon,Zamora,La Cienaga,509,405,2,0,0,0,916,16
Falcon,Union,Sta.Cruz De Bucaral,2597,1760,23,0,3,1,4384,83
Falcon,Union,Las Vegas Del Tuy,1225,324,6,0,1,0,1556,33
Falcon,Jacura,Araurima,1274,629,10,1,0,0,1914,38
Falcon,Sucre,Sucre,2328,901,16,0,2,1,3248,38
Guarico,Mellado,Sosa,598,348,3,0,0,0,949,13
Guarico,Monagas,Libertad De Orituco,375,104,1,0,0,0,480,11
Guarico,Ribas,San Rafael De Laya,1352,519,4,0,0,1,1876,30
Guarico,Ortiz,San Jose De Tiznados,1702,616,9,1,1,0,2329,55
Lara,Iribarren,Aguedo F. Alvarado,6967,4274,81,3,18,5,11348,225
Lara,Jimenez,Paraiso De San Jose,759,110,1,0,1,1,872,15
Lara,Jimenez,Tintorero,4454,1990,41,7,8,3,6503,157
Lara,Moran,Moran,1539,530,13,2,5,0,2089,62
Lara,Moran,Humocaro Bajo,3893,2297,31,1,16,5,6243,166
Lara,Palavecino,Jose G. Bastidas,15268,28906,164,17,27,7,44389,601
Lara,Torres,Castaneda,1350,713,17,7,1,2,2090,33
Lara,Torres,Chiquinquira,1727,1203,10,1,2,0,2943,45
Lara,Torres,El Blanco,2507,1914,24,0,3,4,4452,69
Lara,Torres,Heriberto Arroyo,154,59,0,0,0,2,215,2
Merida,Arzobispo Chacon,Guaimaral,206,252,1,0,0,0,459,2
Merida,Arzobispo Chacon,El Molino,486,494,3,0,0,0,983,21
Merida,Campo Elias,San Jose,329,316,1,0,0,0,646,12
Merida,Justo Brice#O,Torondoy,1840,1012,10,1,2,0,2865,49
Merida,Libertador,El Llano,2315,7030,30,5,4,1,9385,113
Merida,Libertador,Lasso De La Vega,2438,4780,22,5,2,1,7248,116
Merida,Libertador,Osuna Rodriguez,4720,5301,30,1,6,2,10060,188
Merida,Libertador,Caracciolo Parra P,2002,7388,17,7,4,2,9420,101
Merida,Miranda,Andres Eloy Blanco,554,643,10,1,1,0,1209,33
Merida,Antonio Pinto S.,Mesa Bolivar,1665,1119,10,1,0,0,2795,64
Merida,Ob. Ramos De Lora,Eloy Paredes,2522,1618,24,1,2,0,4167,49
Merida,Pueblo Llano,Pueblo Llano,3017,2817,13,0,1,1,5849,113
Merida,Sucre,Lagunillas,6364,4824,51,5,3,4,11251,225
Merida,Sucre,San Juan,3671,2619,31,1,2,0,6324,146
Merida,Tulio F Cordero,Independencia,3163,1145,19,0,2,0,4329,108
Miranda,Guaicaipuro,Cecilio Acosta,4585,4587,36,6,6,1,9221,153
Miranda,Paez,El Guapo,3139,1023,14,2,3,0,4181,80
Miranda,Sucre,Filas De Mariches,12149,4463,75,4,14,9,16714,360
Miranda,Zamora,Guatire,45641,41049,321,73,41,11,87136,1816
Miranda,Andres Bello,San Jose De Barlovento,7793,3510,41,4,6,4,11358,293
Miranda,Baruta,El Cafetal,2514,30514,37,17,4,6,33092,172
Miranda,Pedro Gual,Machurucuto,380,343,3,0,0,0,726,15
Monagas,Caripe,El Guacharo,1542,1046,8,1,1,1,2599,39
Monagas,Maturin,Las Cocuizas,26171,18542,311,21,25,7,45077,909
Nva.Esparta,Gomez,Bolivar,799,649,11,0,1,0,1460,14
Nva.Esparta,Maneiro,Aguirre,3751,11331,37,3,1,1,15124,148
Nva.Esparta,Mari#O,Porlamar,27163,28728,249,17,18,9,56184,1126
Portuguesa,Guanare,Guanare,54177,29340,546,26,61,40,84190,2081
Portuguesa,Guanarito,Divina Pastora,2204,787,25,0,1,3,3020,108
Portuguesa,Ospino,Ospino,10100,4301,104,5,13,6,14529,320
Portuguesa,Paez,Pimpinela,2645,281,13,1,5,3,2948,61
Portuguesa,Turen,Canelones,3942,702,26,0,5,1,4676,97
Portuguesa,M.Jose V De Unda,Chabasquen,7405,2580,113,2,6,4,10110,263
Portuguesa,Agua Blanca,Agua Blanca,9578,2267,53,5,11,6,11920,285
Portuguesa,Papelon,Papelon,2195,1652,22,1,3,2,3875,86
Portuguesa,S Rafael De Onoto,Thermo Morles,975,283,12,0,0,0,1270,26
Sucre,Bermudez,Santa Catalina,20470,13733,168,15,27,7,34420,554
Sucre,Cajigal,Yaguaraparo,4255,1706,17,1,0,1,5980,117
Sucre,Mari#O,Campo Claro,1398,703,4,1,1,0,2107,61
Sucre,Mari#O,Soro,668,301,3,0,0,0,972,12
Sucre,Montes,San Lorenzo,1861,1248,12,0,1,2,3124,58
Sucre,Ribero,Santa Maria,2315,884,17,2,3,1,3222,58
Sucre,Sucre,Valentin Valiente,14421,16119,134,11,9,10,30704,500
Sucre,Valdez,Guiria,10639,3822,47,5,7,2,14522,277
Sucre,Valdez,Cristobal Colon,692,116,4,0,0,0,812,15
Sucre,Libertador,Campo Elias,546,152,3,0,0,0,701,10
Tachira,Bolivar,Palotal,1518,1823,15,0,1,1,3358,68
Tachira,Guasimos,Palmira,9638,14185,71,13,10,8,23925,616
Tachira,Pedro Maria Ure#A,Nueva Arcadia,2192,2621,32,1,1,0,4847,107
Tachira,Seboruco,Seboruco,3011,3049,16,1,1,0,6078,137
Tachira,Fco De Miranda,San Jose De Bolivar,1218,2086,10,0,2,0,3316,42
Tachira,Torbes,San Josecito,11274,10308,83,10,10,5,21690,703
Trujillo,Rafael Rangel,Betijoque,1593,1534,9,0,0,1,3137,72
Trujillo,Rafael Rangel,El Cedro,1563,1039,11,2,0,0,2615,68
Trujillo,Bocono,Mosquey,2262,620,23,1,1,0,2907,41
Trujillo,Bocono,El Carmen,9329,5566,101,7,10,4,15017,325
Trujillo,Bocono,Burbusay,1945,480,11,0,0,0,2436,44
Trujillo,Bocono,Ayacucho,1312,335,4,1,3,0,1655,25
Trujillo,Carache,La Concepcion,2523,516,7,1,2,1,3050,36
Trujillo,Urdaneta,La Quebrada,2366,1691,10,1,2,1,4071,103
Trujillo,Urdaneta,Santiago,1933,551,8,1,1,0,2494,29
Trujillo,Valera,La Beatriz,3278,3963,24,3,3,1,7272,92
Trujillo,Valera,San Luis,5491,2929,46,4,6,1,8477,206
Trujillo,Miranda,Agua Santa,2057,657,10,1,1,1,2727,65
Trujillo,Motatan,Jalisco,2095,579,6,0,3,1,2684,79
Trujillo,Pampan,Flor De Patria,5005,2586,24,1,1,2,7619,163
Trujillo,Andres Bello,El Jaguito,1374,597,2,0,1,0,1974,67
Trujillo,Bolivar,Cheregue,1974,479,13,1,0,0,2467,37
Trujillo,Bolivar,Granados,1226,424,6,0,2,0,1658,34
Trujillo,La Ceiba,Tres De Febrero,2871,626,11,0,1,1,3510,52
Yaracuy,Nirgua,Salom,4985,2376,39,5,7,1,7413,146
Yaracuy,Veroes,Farriar,5797,1188,27,1,3,1,7017,189
Zulia,Mara,Luis De Vicente,5627,3244,26,0,8,0,8905,106
Zulia,Mara,La Sierrita,14122,5476,62,4,11,3,19678,307
Zulia,Mara,San Rafael,17586,6809,46,6,7,5,24459,220
Zulia,Maracaibo,Cecilio Acosta,13090,20811,86,15,14,2,34018,433
Zulia,Miranda,San Jose,7920,2855,20,3,1,1,10800,131
Zulia,Sucre,Heras,1944,1013,7,1,0,2,2967,67
Zulia,Sucre,M.Arturo Celestino A,2287,1426,6,1,2,2,3724,69
Zulia,La Ca#Ada De U.,Potreritos,2263,1496,3,0,0,0,3762,23
Zulia,La Ca#Ada De U.,Andres Bello (Km 48),3035,1519,9,2,0,0,4565,52
Zulia,La Ca#Ada De U.,Chiquinquira,3887,2430,12,0,1,1,6331,59
Zulia,Lagunillas,Alonso De Ojeda,25914,29928,196,27,38,19,56122,1173
Zulia,Lagunillas,Campo Lara,1737,1277,7,1,0,0,3022,65
Zulia,Rosario De Perija,Donaldo Garcia,2216,348,1,0,0,0,2565,11
Zulia,Cabimas,Aristides Calvani,2063,1135,8,0,3,0,3209,58
Zulia,Valmore Rodriguez,Raul Cuenca,5135,2742,30,1,10,1,7919,170
Zulia,San Francisco,Marcial Hernandez,8624,4306,28,2,6,2,12968,188
Zulia,San Francisco,El Bajo,5998,3634,27,2,7,2,9670,128
Zulia,Francisco J Pulg,Francisco J Pulgar,1018,966,4,0,0,0,1988,35
Zulia,Francisco J Pulg,Carlos Quevedo,2599,1771,8,1,4,2,4385,99
Zulia,Simon Bolivar,Rafael Urdaneta,1728,891,11,2,2,2,2636,69
Amazonas,Atures,Fernando Giron Tovar,8728,9286,151,9,2,5,18181,599
Amazonas,Atures,Luis Alberto Gomez,14620,11279,175,12,11,10,26107,759
Amazonas,Autana,Samariapo,687,649,12,1,2,0,1351,33
Amazonas,Autana,Guayapo,399,213,4,0,1,0,617,15
Amazonas,Autana,Sipapo,408,386,5,0,0,0,799,32
Amazonas,Manapiare,Medio Ventuari,340,93,4,0,0,0,437,7
Amazonas,Alto Orinoco,Mavaca,825,335,4,1,0,0,1165,10
Delta Amac,Tucupita,Juan Millan,3669,1249,41,1,8,5,4973,88
Delta Amac,Antonio Diaz,Almirante Luis Brion,776,117,3,0,0,0,896,10
Delta Amac,Casacoima,Juan Bautista Arismen,1820,508,7,0,1,2,2338,50
Vargas,Vargas,Carayaca,13582,4494,87,11,21,9,18204,350
